flight_id,airline,source,destination,departure_time,arrival_time,duration,duration_minutes,is_overnight,departure_date,departure_hour,route,flight_key
SJ010,SpiceJet,CCU,MAA,2026-04-20 23:38:41.701,2026-04-21 02:32:41.701,02:54:00,174.0,True,2026-04-20,23,CCU → MAA,1
AI155,Air India,BOM,CCU,2026-04-20 23:35:41.703,2026-04-21 01:23:41.703,01:48:00,108.0,True,2026-04-20,23,BOM → CCU,2
UK094,Vistara,BOM,CCU,2026-04-20 23:26:41.702,2026-04-21 01:11:41.702,01:45:00,105.0,True,2026-04-20,23,BOM → CCU,3
AI245,Air India,BOM,CCU,2026-04-20 23:07:41.704,2026-04-21 01:43:41.704,02:36:00,156.0,True,2026-04-20,23,BOM → CCU,4
AI192,Air India,MAA,BOM,2026-04-20 23:05:41.703,2026-04-21 04:04:41.703,04:59:00,299.0,True,2026-04-20,23,MAA → BOM,5
SJ158,SpiceJet,DEL,HYD,2026-04-20 23:05:41.703,2026-04-21 01:24:41.703,02:19:00,139.0,True,2026-04-20,23,DEL → HYD,6
6F196,IndiGo,CCU,MAA,2026-04-20 23:04:41.703,2026-04-21 00:47:41.703,01:43:00,103.0,True,2026-04-20,23,CCU → MAA,7
AI080,Air India,BOM,HYD,2026-04-20 23:03:41.702,2026-04-21 00:35:41.702,01:32:00,92.0,True,2026-04-20,23,BOM → HYD,8
6F025,IndiGo,BLR,BOM,2026-04-20 23:02:41.701,2026-04-20 23:57:41.701,00:55:00,55.0,False,2026-04-20,23,BLR → BOM,9
6F251,IndiGo,DEL,BLR,2026-04-20 22:56:41.703,2026-04-20 23:37:41.703,00:41:00,41.0,False,2026-04-20,22,DEL → BLR,10
AI137,Air India,BOM,DEL,2026-04-20 22:49:41.702,2026-04-21 01:17:41.702,02:28:00,148.0,True,2026-04-20,22,BOM → DEL,11
6F026,IndiGo,BOM,CCU,2026-04-20 22:46:42.000,2026-04-21 03:13:42.000,04:27:00,267.0,True,2026-04-20,22,BOM → CCU,12
UK167,Vistara,DEL,MAA,2026-04-20 22:45:41.703,2026-04-21 01:46:41.703,03:01:00,181.0,True,2026-04-20,22,DEL → MAA,13
UK027,Vistara,BOM,CCU,2026-04-20 22:44:41.701,2026-04-21 01:05:41.701,02:21:00,141.0,True,2026-04-20,22,BOM → CCU,14
AI069,Air India,DEL,BOM,2026-04-20 22:43:41.702,2026-04-21 02:29:41.702,03:46:00,226.0,True,2026-04-20,22,DEL → BOM,15
AI058,Air India,BOM,CCU,2026-04-20 22:40:41.701,2026-04-21 00:18:41.701,01:38:00,98.0,True,2026-04-20,22,BOM → CCU,16
AI140,Air India,BOM,DEL,2026-04-20 22:25:41.702,2026-04-21 02:08:41.702,03:43:00,223.0,True,2026-04-20,22,BOM → DEL,17
SJ239,SpiceJet,BOM,CCU,2026-04-20 22:24:41.704,2026-04-21 00:10:41.704,01:46:00,106.0,True,2026-04-20,22,BOM → CCU,18
6F099,IndiGo,MAA,DEL,2026-04-20 22:24:41.702,2026-04-20 22:59:41.702,00:35:00,35.0,False,2026-04-20,22,MAA → DEL,19
AI048,Air India,CCU,DEL,2026-04-20 22:23:41.701,2026-04-21 02:15:41.701,03:52:00,232.0,True,2026-04-20,22,CCU → DEL,20
SJ112,SpiceJet,HYD,DEL,2026-04-20 22:20:41.702,2026-04-21 00:40:41.702,02:20:00,140.0,True,2026-04-20,22,HYD → DEL,21
6F164,IndiGo,BLR,BOM,2026-04-20 22:18:41.703,2026-04-21 00:45:41.703,02:27:00,147.0,True,2026-04-20,22,BLR → BOM,22
UK021,Vistara,HYD,MAA,2026-04-20 22:00:41.701,2026-04-20 23:50:41.701,01:50:00,110.0,False,2026-04-20,22,HYD → MAA,23
SJ172,SpiceJet,CCU,DEL,2026-04-20 21:58:41.703,2026-04-21 01:14:41.703,03:16:00,196.0,True,2026-04-20,21,CCU → DEL,24
AI060,Air India,DEL,HYD,2026-04-20 21:58:41.701,2026-04-20 23:51:41.701,01:53:00,113.0,False,2026-04-20,21,DEL → HYD,25
SJ205,SpiceJet,HYD,CCU,2026-04-20 21:56:41.703,2026-04-20 23:00:41.703,01:04:00,64.0,False,2026-04-20,21,HYD → CCU,26
SJ093,SpiceJet,BLR,BOM,2026-04-20 21:55:41.702,2026-04-20 23:01:41.702,01:06:00,66.0,False,2026-04-20,21,BLR → BOM,27
6F195,IndiGo,CCU,DEL,2026-04-20 21:44:41.703,2026-04-20 22:39:41.703,00:55:00,55.0,False,2026-04-20,21,CCU → DEL,28
UK003,Vistara,HYD,DEL,2026-04-20 21:41:41.700,2026-04-21 02:19:41.700,04:38:00,278.0,True,2026-04-20,21,HYD → DEL,29
UK026,Vistara,HYD,MAA,2026-04-20 21:38:41.701,2026-04-20 23:44:41.701,02:06:00,126.0,False,2026-04-20,21,HYD → MAA,30
6F174,IndiGo,DEL,HYD,2026-04-20 21:36:41.703,2026-04-20 22:16:41.703,00:40:00,40.0,False,2026-04-20,21,DEL → HYD,31
UK067,Vistara,BOM,CCU,2026-04-20 21:36:41.701,2026-04-21 01:02:41.701,03:26:00,206.0,True,2026-04-20,21,BOM → CCU,32
SJ149,SpiceJet,HYD,MAA,2026-04-20 21:20:41.702,2026-04-20 23:20:42.000,02:00:00.298000,120.00496666666666,False,2026-04-20,21,HYD → MAA,33
6F213,IndiGo,BLR,BOM,2026-04-20 21:05:41.703,2026-04-21 00:32:41.703,03:27:00,207.0,True,2026-04-20,21,BLR → BOM,34
UK200,Vistara,CCU,DEL,2026-04-20 20:54:41.703,2026-04-20 22:45:41.703,01:51:00,111.0,False,2026-04-20,20,CCU → DEL,35
SJ214,SpiceJet,BOM,MAA,2026-04-20 20:54:41.703,2026-04-20 22:10:41.703,01:16:00,76.0,False,2026-04-20,20,BOM → MAA,36
SJ047,SpiceJet,HYD,BOM,2026-04-20 20:44:41.701,2026-04-20 21:21:41.701,00:37:00,37.0,False,2026-04-20,20,HYD → BOM,37
AI179,Air India,HYD,BOM,2026-04-20 20:41:41.703,2026-04-21 01:19:41.703,04:38:00,278.0,True,2026-04-20,20,HYD → BOM,38
SJ153,SpiceJet,DEL,CCU,2026-04-20 20:37:41.702,2026-04-20 22:00:41.702,01:23:00,83.0,False,2026-04-20,20,DEL → CCU,39
6F236,IndiGo,BOM,DEL,2026-04-20 20:35:41.704,2026-04-20 23:54:41.704,03:19:00,199.0,False,2026-04-20,20,BOM → DEL,40
UK059,Vistara,HYD,MAA,2026-04-20 20:33:41.701,2026-04-20 22:10:41.701,01:37:00,97.0,False,2026-04-20,20,HYD → MAA,41
SJ001,SpiceJet,BOM,MAA,2026-04-20 20:28:41.700,2026-04-21 01:15:41.700,04:47:00,287.0,True,2026-04-20,20,BOM → MAA,42
SJ049,SpiceJet,CCU,DEL,2026-04-20 20:26:41.701,2026-04-21 00:26:41.701,04:00:00,240.0,True,2026-04-20,20,CCU → DEL,43
6F086,IndiGo,MAA,HYD,2026-04-20 20:23:41.702,2026-04-20 21:00:41.702,00:37:00,37.0,False,2026-04-20,20,MAA → HYD,44
AI220,Air India,BOM,DEL,2026-04-20 20:19:41.703,2026-04-20 21:57:41.703,01:38:00,98.0,False,2026-04-20,20,BOM → DEL,45
AI188,Air India,CCU,HYD,2026-04-20 20:16:41.703,2026-04-20 23:02:41.703,02:46:00,166.0,False,2026-04-20,20,CCU → HYD,46
6F114,IndiGo,BOM,MAA,2026-04-20 20:10:41.702,2026-04-20 21:00:41.702,00:50:00,50.0,False,2026-04-20,20,BOM → MAA,47
SJ179,SpiceJet,DEL,HYD,2026-04-20 20:09:41.703,2026-04-20 23:39:41.703,03:30:00,210.0,False,2026-04-20,20,DEL → HYD,48
6F190,IndiGo,DEL,MAA,2026-04-20 20:02:41.703,2026-04-21 00:36:41.703,04:34:00,274.0,True,2026-04-20,20,DEL → MAA,49
SJ003,SpiceJet,MAA,CCU,2026-04-20 19:50:41.701,2026-04-20 20:32:41.701,00:42:00,42.0,False,2026-04-20,19,MAA → CCU,50
6F028,IndiGo,HYD,CCU,2026-04-20 19:49:41.701,2026-04-20 21:49:41.701,02:00:00,120.0,False,2026-04-20,19,HYD → CCU,51
UK036,Vistara,CCU,BLR,2026-04-20 19:48:41.701,2026-04-21 00:12:41.701,04:24:00,264.0,True,2026-04-20,19,CCU → BLR,52
SJ160,SpiceJet,MAA,BLR,2026-04-20 19:45:41.703,2026-04-20 20:30:41.703,00:45:00,45.0,False,2026-04-20,19,MAA → BLR,53
6F151,IndiGo,CCU,HYD,2026-04-20 19:44:41.703,2026-04-20 22:04:41.703,02:20:00,140.0,False,2026-04-20,19,CCU → HYD,54
UK140,Vistara,MAA,BLR,2026-04-20 19:37:41.703,2026-04-20 21:00:41.703,01:23:00,83.0,False,2026-04-20,19,MAA → BLR,55
AI115,Air India,MAA,BLR,2026-04-20 19:37:41.702,2026-04-21 00:26:41.702,04:49:00,289.0,True,2026-04-20,19,MAA → BLR,56
AI132,Air India,BLR,BOM,2026-04-20 19:32:41.702,2026-04-20 21:41:41.702,02:09:00,129.0,False,2026-04-20,19,BLR → BOM,57
UK209,Vistara,MAA,BLR,2026-04-20 19:02:41.704,2026-04-20 21:47:41.704,02:45:00,165.0,False,2026-04-20,19,MAA → BLR,58
SJ043,SpiceJet,MAA,DEL,2026-04-20 18:59:41.701,2026-04-20 21:08:41.701,02:09:00,129.0,False,2026-04-20,18,MAA → DEL,59
UK176,Vistara,HYD,BLR,2026-04-20 18:41:41.703,2026-04-20 22:49:41.703,04:08:00,248.0,False,2026-04-20,18,HYD → BLR,60
UK216,Vistara,MAA,HYD,2026-04-20 18:33:41.704,2026-04-20 21:47:41.704,03:14:00,194.0,False,2026-04-20,18,MAA → HYD,61
UK150,Vistara,DEL,CCU,2026-04-20 18:31:41.703,2026-04-20 19:01:41.703,00:30:00,30.0,False,2026-04-20,18,DEL → CCU,62
UK145,Vistara,BOM,HYD,2026-04-20 18:30:41.703,2026-04-20 20:41:41.703,02:11:00,131.0,False,2026-04-20,18,BOM → HYD,63
6F270,IndiGo,HYD,MAA,2026-04-20 18:14:41.701,2026-04-20 19:02:41.701,00:48:00,48.0,False,2026-04-20,18,HYD → MAA,64
6F012,IndiGo,CCU,HYD,2026-04-20 18:06:41.701,2026-04-20 21:31:41.701,03:25:00,205.0,False,2026-04-20,18,CCU → HYD,65
SJ236,SpiceJet,MAA,BOM,2026-04-20 18:03:41.704,2026-04-20 22:02:41.704,03:59:00,239.0,False,2026-04-20,18,MAA → BOM,66
6F149,IndiGo,BLR,CCU,2026-04-20 17:57:41.703,2026-04-20 20:42:41.703,02:45:00,165.0,False,2026-04-20,17,BLR → CCU,67
UK004,Vistara,BOM,CCU,2026-04-20 17:56:41.700,2026-04-20 18:30:41.700,00:34:00,34.0,False,2026-04-20,17,BOM → CCU,68
UK010,Vistara,MAA,HYD,2026-04-20 17:53:41.701,2026-04-20 20:40:41.701,02:47:00,167.0,False,2026-04-20,17,MAA → HYD,69
UK215,Vistara,BOM,DEL,2026-04-20 17:38:41.704,2026-04-20 19:50:41.704,02:12:00,132.0,False,2026-04-20,17,BOM → DEL,70
SJ116,SpiceJet,HYD,CCU,2026-04-20 17:33:41.702,2026-04-20 19:02:41.702,01:29:00,89.0,False,2026-04-20,17,HYD → CCU,71
SJ023,SpiceJet,HYD,MAA,2026-04-20 17:27:41.701,2026-04-20 19:09:41.701,01:42:00,102.0,False,2026-04-20,17,HYD → MAA,72
UK152,Vistara,BOM,CCU,2026-04-20 17:24:41.703,2026-04-20 20:13:41.703,02:49:00,169.0,False,2026-04-20,17,BOM → CCU,73
SJ202,SpiceJet,CCU,HYD,2026-04-20 17:21:41.703,2026-04-20 19:08:41.703,01:47:00,107.0,False,2026-04-20,17,CCU → HYD,74
6F043,IndiGo,BOM,HYD,2026-04-20 17:17:41.701,2026-04-20 18:43:41.701,01:26:00,86.0,False,2026-04-20,17,BOM → HYD,75
UK173,Vistara,MAA,BLR,2026-04-20 17:06:41.703,2026-04-20 21:22:41.703,04:16:00,256.0,False,2026-04-20,17,MAA → BLR,76
SJ081,SpiceJet,BOM,BLR,2026-04-20 17:04:41.702,2026-04-20 18:53:41.702,01:49:00,109.0,False,2026-04-20,17,BOM → BLR,77
UK153,Vistara,CCU,HYD,2026-04-20 16:52:41.703,2026-04-20 20:53:41.703,04:01:00,241.0,False,2026-04-20,16,CCU → HYD,78
UK187,Vistara,BLR,BOM,2026-04-20 16:52:41.703,2026-04-20 18:42:41.703,01:50:00,110.0,False,2026-04-20,16,BLR → BOM,79
UK055,Vistara,HYD,DEL,2026-04-20 16:48:41.701,2026-04-20 19:31:41.701,02:43:00,163.0,False,2026-04-20,16,HYD → DEL,80
UK181,Vistara,MAA,DEL,2026-04-20 16:44:41.703,2026-04-20 19:26:41.703,02:42:00,162.0,False,2026-04-20,16,MAA → DEL,81
UK074,Vistara,BOM,DEL,2026-04-20 16:44:41.702,2026-04-20 18:41:41.702,01:57:00,117.0,False,2026-04-20,16,BOM → DEL,82
SJ068,SpiceJet,BLR,BOM,2026-04-20 16:44:41.701,2026-04-20 18:48:41.701,02:04:00,124.0,False,2026-04-20,16,BLR → BOM,83
AI242,Air India,BLR,CCU,2026-04-20 16:41:41.704,2026-04-20 17:43:41.704,01:02:00,62.0,False,2026-04-20,16,BLR → CCU,84
SJ237,SpiceJet,BOM,CCU,2026-04-20 16:32:41.704,2026-04-20 19:00:41.704,02:28:00,148.0,False,2026-04-20,16,BOM → CCU,85
6F194,IndiGo,BOM,CCU,2026-04-20 16:29:41.703,2026-04-20 18:27:41.703,01:58:00,118.0,False,2026-04-20,16,BOM → CCU,86
UK063,Vistara,DEL,BOM,2026-04-20 16:29:41.701,2026-04-20 17:41:41.701,01:12:00,72.0,False,2026-04-20,16,DEL → BOM,87
UK068,Vistara,BLR,MAA,2026-04-20 16:28:41.701,2026-04-20 18:09:41.701,01:41:00,101.0,False,2026-04-20,16,BLR → MAA,88
UK224,Vistara,CCU,MAA,2026-04-20 16:25:41.704,2026-04-20 20:24:41.704,03:59:00,239.0,False,2026-04-20,16,CCU → MAA,89
UK077,Vistara,HYD,BOM,2026-04-20 16:22:41.702,2026-04-20 18:00:41.702,01:38:00,98.0,False,2026-04-20,16,HYD → BOM,90
UK207,Vistara,MAA,CCU,2026-04-20 16:21:41.703,2026-04-20 17:36:41.703,01:15:00,75.0,False,2026-04-20,16,MAA → CCU,91
AI221,Air India,MAA,HYD,2026-04-20 16:18:41.703,2026-04-20 18:54:41.703,02:36:00,156.0,False,2026-04-20,16,MAA → HYD,92
UK109,Vistara,BLR,BOM,2026-04-20 16:06:41.702,2026-04-20 17:06:42.000,01:00:00.298000,60.00496666666666,False,2026-04-20,16,BLR → BOM,93
UK089,Vistara,BOM,HYD,2026-04-20 15:38:41.702,2026-04-20 19:50:41.702,04:12:00,252.0,False,2026-04-20,15,BOM → HYD,94
AI072,Air India,BLR,CCU,2026-04-20 15:34:41.702,2026-04-20 16:32:41.702,00:58:00,58.0,False,2026-04-20,15,BLR → CCU,95
UK131,Vistara,BOM,DEL,2026-04-20 15:33:41.702,2026-04-20 19:39:41.702,04:06:00,246.0,False,2026-04-20,15,BOM → DEL,96
SJ150,SpiceJet,BOM,HYD,2026-04-20 15:33:41.702,2026-04-20 19:03:41.702,03:30:00,210.0,False,2026-04-20,15,BOM → HYD,97
6F097,IndiGo,BLR,BOM,2026-04-20 15:32:41.702,2026-04-20 16:49:41.702,01:17:00,77.0,False,2026-04-20,15,BLR → BOM,98
6F123,IndiGo,DEL,HYD,2026-04-20 15:26:41.702,2026-04-20 17:12:41.702,01:46:00,106.0,False,2026-04-20,15,DEL → HYD,99
6F017,IndiGo,CCU,BOM,2026-04-20 15:25:41.701,2026-04-20 18:06:41.701,02:41:00,161.0,False,2026-04-20,15,CCU → BOM,100
6F245,IndiGo,CCU,BOM,2026-04-20 15:25:41.701,2026-04-20 18:06:41.701,02:41:00,161.0,False,2026-04-20,15,CCU → BOM,101
6F180,IndiGo,MAA,BLR,2026-04-20 15:24:41.703,2026-04-20 19:48:41.703,04:24:00,264.0,False,2026-04-20,15,MAA → BLR,102
6F152,IndiGo,CCU,DEL,2026-04-20 15:21:41.703,2026-04-20 17:25:41.703,02:04:00,124.0,False,2026-04-20,15,CCU → DEL,103
SJ034,SpiceJet,MAA,BOM,2026-04-20 15:20:41.701,2026-04-20 20:11:41.701,04:51:00,291.0,False,2026-04-20,15,MAA → BOM,104
SJ142,SpiceJet,CCU,BOM,2026-04-20 15:14:41.702,2026-04-20 16:56:41.702,01:42:00,102.0,False,2026-04-20,15,CCU → BOM,105
UK189,Vistara,BLR,MAA,2026-04-20 15:07:41.703,2026-04-20 18:51:41.703,03:44:00,224.0,False,2026-04-20,15,BLR → MAA,106
SJ044,SpiceJet,DEL,CCU,2026-04-20 15:06:41.701,2026-04-20 17:43:41.701,02:37:00,157.0,False,2026-04-20,15,DEL → CCU,107
SJ196,SpiceJet,DEL,HYD,2026-04-20 14:58:41.703,2026-04-20 17:44:41.703,02:46:00,166.0,False,2026-04-20,14,DEL → HYD,108
6F188,IndiGo,DEL,HYD,2026-04-20 14:57:41.703,2026-04-20 19:39:41.703,04:42:00,282.0,False,2026-04-20,14,DEL → HYD,109
6F181,IndiGo,BOM,MAA,2026-04-20 14:55:41.703,2026-04-20 16:43:41.703,01:48:00,108.0,False,2026-04-20,14,BOM → MAA,110
6F077,IndiGo,CCU,DEL,2026-04-20 14:55:41.702,2026-04-20 19:13:41.702,04:18:00,258.0,False,2026-04-20,14,CCU → DEL,111
SJ154,SpiceJet,BLR,HYD,2026-04-20 14:47:41.702,2026-04-20 16:26:41.702,01:39:00,99.0,False,2026-04-20,14,BLR → HYD,112
AI025,Air India,HYD,DEL,2026-04-20 14:46:41.701,2026-04-20 17:11:41.701,02:25:00,145.0,False,2026-04-20,14,HYD → DEL,113
AI094,Air India,DEL,BLR,2026-04-20 14:44:41.702,2026-04-20 15:44:42.000,01:00:00.298000,60.00496666666666,False,2026-04-20,14,DEL → BLR,114
6F191,IndiGo,BLR,DEL,2026-04-20 14:41:41.703,2026-04-20 15:11:41.703,00:30:00,30.0,False,2026-04-20,14,BLR → DEL,115
SJ085,SpiceJet,BLR,MAA,2026-04-20 14:41:41.702,2026-04-20 19:11:41.702,04:30:00,270.0,False,2026-04-20,14,BLR → MAA,116
6F261,IndiGo,CCU,DEL,2026-04-20 14:31:41.703,2026-04-20 17:29:41.703,02:58:00,178.0,False,2026-04-20,14,CCU → DEL,117
6F129,IndiGo,DEL,CCU,2026-04-20 14:28:41.702,2026-04-20 16:47:41.702,02:19:00,139.0,False,2026-04-20,14,DEL → CCU,118
6F254,IndiGo,MAA,BLR,2026-04-20 14:26:41.703,2026-04-20 18:01:41.703,03:35:00,215.0,False,2026-04-20,14,MAA → BLR,119
SJ185,SpiceJet,BOM,CCU,2026-04-20 14:21:41.703,2026-04-20 15:21:41.703,01:00:00,60.0,False,2026-04-20,14,BOM → CCU,120
6F030,IndiGo,BOM,DEL,2026-04-20 14:20:41.701,2026-04-20 17:10:41.701,02:50:00,170.0,False,2026-04-20,14,BOM → DEL,121
SJ222,SpiceJet,BOM,DEL,2026-04-20 14:15:41.703,2026-04-20 17:09:41.703,02:54:00,174.0,False,2026-04-20,14,BOM → DEL,122
6F259,IndiGo,BOM,DEL,2026-04-20 14:10:41.703,2026-04-20 15:21:41.703,01:11:00,71.0,False,2026-04-20,14,BOM → DEL,123
UK083,Vistara,DEL,HYD,2026-04-20 14:10:41.702,2026-04-20 14:59:41.702,00:49:00,49.0,False,2026-04-20,14,DEL → HYD,124
6F051,IndiGo,BLR,BOM,2026-04-20 13:58:41.701,2026-04-20 15:58:41.701,02:00:00,120.0,False,2026-04-20,13,BLR → BOM,125
SJ088,SpiceJet,CCU,MAA,2026-04-20 13:54:41.702,2026-04-20 14:26:41.702,00:32:00,32.0,False,2026-04-20,13,CCU → MAA,126
6F146,IndiGo,HYD,MAA,2026-04-20 13:51:41.703,2026-04-20 15:07:41.703,01:16:00,76.0,False,2026-04-20,13,HYD → MAA,127
6F047,IndiGo,MAA,DEL,2026-04-20 13:50:41.701,2026-04-20 15:55:41.701,02:05:00,125.0,False,2026-04-20,13,MAA → DEL,128
AI077,Air India,CCU,HYD,2026-04-20 13:45:41.702,2026-04-20 14:51:41.702,01:06:00,66.0,False,2026-04-20,13,CCU → HYD,129
UK134,Vistara,HYD,CCU,2026-04-20 13:44:41.702,2026-04-20 17:26:41.702,03:42:00,222.0,False,2026-04-20,13,HYD → CCU,130
AI056,Air India,DEL,MAA,2026-04-20 13:44:41.701,2026-04-20 17:39:41.701,03:55:00,235.0,False,2026-04-20,13,DEL → MAA,131
UK141,Vistara,HYD,MAA,2026-04-20 13:38:41.703,2026-04-20 15:59:41.703,02:21:00,141.0,False,2026-04-20,13,HYD → MAA,132
AI030,Air India,CCU,HYD,2026-04-20 13:33:41.701,2026-04-20 16:52:41.701,03:19:00,199.0,False,2026-04-20,13,CCU → HYD,133
AI029,Air India,MAA,DEL,2026-04-20 13:29:41.701,2026-04-20 17:53:41.701,04:24:00,264.0,False,2026-04-20,13,MAA → DEL,134
SJ167,SpiceJet,MAA,CCU,2026-04-20 13:18:41.703,2026-04-20 14:12:41.703,00:54:00,54.0,False,2026-04-20,13,MAA → CCU,135
UK017,Vistara,BLR,HYD,2026-04-20 13:14:41.701,2026-04-20 14:49:41.701,01:35:00,95.0,False,2026-04-20,13,BLR → HYD,136
6F229,IndiGo,MAA,DEL,2026-04-20 13:10:41.704,2026-04-20 14:30:41.704,01:20:00,80.0,False,2026-04-20,13,MAA → DEL,137
SJ117,SpiceJet,MAA,BLR,2026-04-20 13:10:41.702,2026-04-20 17:06:41.702,03:56:00,236.0,False,2026-04-20,13,MAA → BLR,138
6F184,IndiGo,MAA,BOM,2026-04-20 13:05:41.703,2026-04-20 16:04:41.703,02:59:00,179.0,False,2026-04-20,13,MAA → BOM,139
AI031,Air India,DEL,MAA,2026-04-20 13:05:41.701,2026-04-20 16:11:41.701,03:06:00,186.0,False,2026-04-20,13,DEL → MAA,140
AI178,Air India,CCU,BLR,2026-04-20 13:04:41.703,2026-04-20 14:03:41.703,00:59:00,59.0,False,2026-04-20,13,CCU → BLR,141
SJ089,SpiceJet,HYD,CCU,2026-04-20 12:42:41.702,2026-04-20 17:15:41.702,04:33:00,273.0,False,2026-04-20,12,HYD → CCU,142
UK166,Vistara,HYD,MAA,2026-04-20 12:39:41.703,2026-04-20 17:32:41.703,04:53:00,293.0,False,2026-04-20,12,HYD → MAA,143
UK104,Vistara,DEL,BOM,2026-04-20 12:30:41.702,2026-04-20 13:52:41.702,01:22:00,82.0,False,2026-04-20,12,DEL → BOM,144
6F168,IndiGo,HYD,DEL,2026-04-20 12:18:41.703,2026-04-20 15:58:41.703,03:40:00,220.0,False,2026-04-20,12,HYD → DEL,145
AI222,Air India,BOM,DEL,2026-04-20 12:10:41.703,2026-04-20 13:14:41.703,01:04:00,64.0,False,2026-04-20,12,BOM → DEL,146
SJ025,SpiceJet,BOM,CCU,2026-04-20 12:02:41.701,2026-04-20 15:29:41.701,03:27:00,207.0,False,2026-04-20,12,BOM → CCU,147
6F255,IndiGo,DEL,BOM,2026-04-20 11:59:41.703,2026-04-20 15:33:41.703,03:34:00,214.0,False,2026-04-20,11,DEL → BOM,148
UK228,Vistara,DEL,MAA,2026-04-20 11:58:41.704,2026-04-20 15:08:41.704,03:10:00,190.0,False,2026-04-20,11,DEL → MAA,149
6F158,IndiGo,CCU,MAA,2026-04-20 11:58:41.703,2026-04-20 16:04:41.703,04:06:00,246.0,False,2026-04-20,11,CCU → MAA,150
SJ218,SpiceJet,DEL,HYD,2026-04-20 11:58:41.703,2026-04-20 15:03:41.703,03:05:00,185.0,False,2026-04-20,11,DEL → HYD,151
6F034,IndiGo,BOM,DEL,2026-04-20 11:53:41.701,2026-04-20 12:49:41.701,00:56:00,56.0,False,2026-04-20,11,BOM → DEL,152
UK156,Vistara,MAA,BLR,2026-04-20 11:50:41.703,2026-04-20 15:54:41.703,04:04:00,244.0,False,2026-04-20,11,MAA → BLR,153
6F105,IndiGo,BLR,BOM,2026-04-20 11:46:41.702,2026-04-20 12:58:41.702,01:12:00,72.0,False,2026-04-20,11,BLR → BOM,154
6F073,IndiGo,DEL,CCU,2026-04-20 11:38:41.702,2026-04-20 15:18:41.702,03:40:00,220.0,False,2026-04-20,11,DEL → CCU,155
SJ074,SpiceJet,DEL,CCU,2026-04-20 11:21:41.701,2026-04-20 12:02:41.701,00:41:00,41.0,False,2026-04-20,11,DEL → CCU,156
6F234,IndiGo,BOM,DEL,2026-04-20 11:20:41.704,2026-04-20 14:11:41.704,02:51:00,171.0,False,2026-04-20,11,BOM → DEL,157
6F068,IndiGo,BLR,HYD,2026-04-20 11:17:41.701,2026-04-20 15:06:41.701,03:49:00,229.0,False,2026-04-20,11,BLR → HYD,158
6F074,IndiGo,HYD,BOM,2026-04-20 11:09:41.702,2026-04-20 14:29:41.702,03:20:00,200.0,False,2026-04-20,11,HYD → BOM,159
AI038,Air India,HYD,MAA,2026-04-20 11:05:41.701,2026-04-20 15:44:41.701,04:39:00,279.0,False,2026-04-20,11,HYD → MAA,160
AI079,Air India,CCU,BLR,2026-04-20 11:04:41.702,2026-04-20 13:19:41.702,02:15:00,135.0,False,2026-04-20,11,CCU → BLR,161
SJ018,SpiceJet,BOM,CCU,2026-04-20 10:58:41.701,2026-04-20 13:31:41.701,02:33:00,153.0,False,2026-04-20,10,BOM → CCU,162
6F018,IndiGo,DEL,BLR,2026-04-20 10:57:41.701,2026-04-20 11:43:41.701,00:46:00,46.0,False,2026-04-20,10,DEL → BLR,163
AI091,Air India,CCU,MAA,2026-04-20 10:52:41.702,2026-04-20 15:15:41.702,04:23:00,263.0,False,2026-04-20,10,CCU → MAA,164
UK071,Vistara,DEL,HYD,2026-04-20 10:50:41.701,2026-04-20 14:06:41.701,03:16:00,196.0,False,2026-04-20,10,DEL → HYD,165
AI019,Air India,BOM,CCU,2026-04-20 10:49:41.701,2026-04-20 11:51:41.701,01:02:00,62.0,False,2026-04-20,10,BOM → CCU,166
UK212,Vistara,HYD,MAA,2026-04-20 10:46:41.704,2026-04-20 11:31:41.704,00:45:00,45.0,False,2026-04-20,10,HYD → MAA,167
AI146,Air India,BLR,DEL,2026-04-20 10:40:41.702,2026-04-20 13:46:41.702,03:06:00,186.0,False,2026-04-20,10,BLR → DEL,168
6F232,IndiGo,MAA,BLR,2026-04-20 10:39:41.704,2026-04-20 12:22:41.704,01:43:00,103.0,False,2026-04-20,10,MAA → BLR,169
6F084,IndiGo,CCU,HYD,2026-04-20 10:34:41.702,2026-04-20 11:34:42.000,01:00:00.298000,60.00496666666666,False,2026-04-20,10,CCU → HYD,170
AI129,Air India,BOM,CCU,2026-04-20 10:29:41.702,2026-04-20 13:38:41.702,03:09:00,189.0,False,2026-04-20,10,BOM → CCU,171
AI240,Air India,MAA,DEL,2026-04-20 10:19:41.704,2026-04-20 12:46:41.704,02:27:00,147.0,False,2026-04-20,10,MAA → DEL,172
6F091,IndiGo,BLR,CCU,2026-04-20 10:10:41.702,2026-04-20 11:36:41.702,01:26:00,86.0,False,2026-04-20,10,BLR → CCU,173
UK133,Vistara,BOM,DEL,2026-04-20 10:04:41.702,2026-04-20 13:16:41.702,03:12:00,192.0,False,2026-04-20,10,BOM → DEL,174
SJ007,SpiceJet,BOM,CCU,2026-04-20 10:03:41.701,2026-04-20 14:53:41.701,04:50:00,290.0,False,2026-04-20,10,BOM → CCU,175
SJ141,SpiceJet,CCU,DEL,2026-04-20 10:00:41.702,2026-04-20 13:37:41.702,03:37:00,217.0,False,2026-04-20,10,CCU → DEL,176
6F049,IndiGo,HYD,DEL,2026-04-20 10:00:41.701,2026-04-20 13:13:41.701,03:13:00,193.0,False,2026-04-20,10,HYD → DEL,177
SJ235,SpiceJet,BOM,DEL,2026-04-20 09:57:41.704,2026-04-20 13:45:41.704,03:48:00,228.0,False,2026-04-20,9,BOM → DEL,178
UK087,Vistara,HYD,MAA,2026-04-20 09:49:41.702,2026-04-20 13:17:41.702,03:28:00,208.0,False,2026-04-20,9,HYD → MAA,179
UK170,Vistara,BOM,BLR,2026-04-20 09:42:41.703,2026-04-20 11:32:41.703,01:50:00,110.0,False,2026-04-20,9,BOM → BLR,180
SJ078,SpiceJet,DEL,HYD,2026-04-20 09:41:41.701,2026-04-20 12:49:41.701,03:08:00,188.0,False,2026-04-20,9,DEL → HYD,181
SJ075,SpiceJet,MAA,BLR,2026-04-20 09:26:41.701,2026-04-20 11:03:41.701,01:37:00,97.0,False,2026-04-20,9,MAA → BLR,182
AI159,Air India,HYD,BLR,2026-04-20 09:23:41.703,2026-04-20 11:36:41.703,02:13:00,133.0,False,2026-04-20,9,HYD → BLR,183
UK120,Vistara,HYD,DEL,2026-04-20 09:19:41.702,2026-04-20 13:30:41.702,04:11:00,251.0,False,2026-04-20,9,HYD → DEL,184
AI059,Air India,CCU,DEL,2026-04-20 09:16:41.701,2026-04-20 11:43:41.701,02:27:00,147.0,False,2026-04-20,9,CCU → DEL,185
UK040,Vistara,HYD,CCU,2026-04-20 09:15:41.701,2026-04-20 10:32:41.701,01:17:00,77.0,False,2026-04-20,9,HYD → CCU,186
AI044,Air India,MAA,BLR,2026-04-20 09:03:41.701,2026-04-20 12:36:41.701,03:33:00,213.0,False,2026-04-20,9,MAA → BLR,187
AI078,Air India,DEL,BOM,2026-04-20 08:58:41.702,2026-04-20 13:28:41.702,04:30:00,270.0,False,2026-04-20,8,DEL → BOM,188
SJ226,SpiceJet,HYD,BOM,2026-04-20 08:47:41.704,2026-04-20 12:54:41.704,04:07:00,247.0,False,2026-04-20,8,HYD → BOM,189
6F209,IndiGo,MAA,CCU,2026-04-20 08:40:41.703,2026-04-20 13:40:41.703,05:00:00,300.0,False,2026-04-20,8,MAA → CCU,190
UK193,Vistara,HYD,DEL,2026-04-20 08:39:41.703,2026-04-20 09:14:41.703,00:35:00,35.0,False,2026-04-20,8,HYD → DEL,191
6F092,IndiGo,MAA,BLR,2026-04-20 08:39:41.702,2026-04-20 09:15:41.702,00:36:00,36.0,False,2026-04-20,8,MAA → BLR,192
AI208,Air India,BLR,BOM,2026-04-20 08:38:41.703,2026-04-20 11:52:41.703,03:14:00,194.0,False,2026-04-20,8,BLR → BOM,193
SJ227,SpiceJet,BOM,CCU,2026-04-20 08:32:41.704,2026-04-20 12:53:41.704,04:21:00,261.0,False,2026-04-20,8,BOM → CCU,194
6F238,IndiGo,BOM,DEL,2026-04-20 08:31:41.704,2026-04-20 09:19:41.704,00:48:00,48.0,False,2026-04-20,8,BOM → DEL,195
AI084,Air India,BOM,HYD,2026-04-20 08:31:41.702,2026-04-20 09:46:41.702,01:15:00,75.0,False,2026-04-20,8,BOM → HYD,196
SJ228,SpiceJet,BOM,CCU,2026-04-20 08:29:41.704,2026-04-20 12:16:41.704,03:47:00,227.0,False,2026-04-20,8,BOM → CCU,197
UK194,Vistara,CCU,BOM,2026-04-20 08:26:41.703,2026-04-20 09:26:42.000,01:00:00.297000,60.00495,False,2026-04-20,8,CCU → BOM,198
6F126,IndiGo,CCU,MAA,2026-04-20 08:21:41.702,2026-04-20 09:39:41.702,01:18:00,78.0,False,2026-04-20,8,CCU → MAA,199
SJ052,SpiceJet,MAA,BLR,2026-04-20 08:20:41.701,2026-04-20 09:57:41.701,01:37:00,97.0,False,2026-04-20,8,MAA → BLR,200
AI233,Air India,BLR,BOM,2026-04-20 08:04:41.704,2026-04-20 09:52:41.704,01:48:00,108.0,False,2026-04-20,8,BLR → BOM,201
AI213,Air India,HYD,CCU,2026-04-20 08:03:41.703,2026-04-20 09:14:41.703,01:11:00,71.0,False,2026-04-20,8,HYD → CCU,202
UK076,Vistara,MAA,CCU,2026-04-20 08:03:41.702,2026-04-20 12:26:41.702,04:23:00,263.0,False,2026-04-20,8,MAA → CCU,203
SJ022,SpiceJet,DEL,BLR,2026-04-20 07:56:41.701,2026-04-20 11:07:41.701,03:11:00,191.0,False,2026-04-20,7,DEL → BLR,204
SJ002,SpiceJet,DEL,BOM,2026-04-20 07:54:41.701,2026-04-20 12:40:41.701,04:46:00,286.0,False,2026-04-20,7,DEL → BOM,205
AI163,Air India,HYD,MAA,2026-04-20 07:45:41.703,2026-04-20 08:46:41.703,01:01:00,61.0,False,2026-04-20,7,HYD → MAA,206
UK229,Vistara,HYD,DEL,2026-04-20 07:40:41.704,2026-04-20 11:57:41.704,04:17:00,257.0,False,2026-04-20,7,HYD → DEL,207
UK185,Vistara,DEL,MAA,2026-04-20 07:31:41.703,2026-04-20 08:48:41.703,01:17:00,77.0,False,2026-04-20,7,DEL → MAA,208
6F029,IndiGo,BOM,BLR,2026-04-20 07:31:41.701,2026-04-20 11:45:41.701,04:14:00,254.0,False,2026-04-20,7,BOM → BLR,209
6F056,IndiGo,BOM,MAA,2026-04-20 07:00:41.701,2026-04-20 08:49:41.701,01:49:00,109.0,False,2026-04-20,7,BOM → MAA,210
AI062,Air India,MAA,DEL,2026-04-20 06:49:41.701,2026-04-20 07:25:41.701,00:36:00,36.0,False,2026-04-20,6,MAA → DEL,211
UK034,Vistara,DEL,BLR,2026-04-20 06:47:41.701,2026-04-20 10:11:41.701,03:24:00,204.0,False,2026-04-20,6,DEL → BLR,212
UK079,Vistara,DEL,BLR,2026-04-20 06:43:41.702,2026-04-20 10:34:41.702,03:51:00,231.0,False,2026-04-20,6,DEL → BLR,213
AI135,Air India,BLR,BOM,2026-04-20 06:40:41.702,2026-04-20 09:21:41.702,02:41:00,161.0,False,2026-04-20,6,BLR → BOM,214
SJ061,SpiceJet,MAA,BLR,2026-04-20 06:38:41.701,2026-04-20 09:35:41.701,02:57:00,177.0,False,2026-04-20,6,MAA → BLR,215
AI047,Air India,CCU,MAA,2026-04-20 06:36:41.701,2026-04-20 07:23:41.701,00:47:00,47.0,False,2026-04-20,6,CCU → MAA,216
UK210,Vistara,DEL,CCU,2026-04-20 06:35:41.704,2026-04-20 07:30:41.704,00:55:00,55.0,False,2026-04-20,6,DEL → CCU,217
AI088,Air India,MAA,DEL,2026-04-20 06:34:41.702,2026-04-20 10:10:41.702,03:36:00,216.0,False,2026-04-20,6,MAA → DEL,218
UK177,Vistara,DEL,HYD,2026-04-20 06:21:41.703,2026-04-20 10:50:41.703,04:29:00,269.0,False,2026-04-20,6,DEL → HYD,219
AI128,Air India,BOM,CCU,2026-04-20 06:07:41.702,2026-04-20 10:03:41.702,03:56:00,236.0,False,2026-04-20,6,BOM → CCU,220
AI158,Air India,CCU,DEL,2026-04-20 06:04:41.703,2026-04-20 09:01:41.703,02:57:00,177.0,False,2026-04-20,6,CCU → DEL,221
UK206,Vistara,MAA,BLR,2026-04-20 06:01:41.703,2026-04-20 10:34:41.703,04:33:00,273.0,False,2026-04-20,6,MAA → BLR,222
SJ138,SpiceJet,BLR,BOM,2026-04-20 05:55:41.702,2026-04-20 06:43:41.702,00:48:00,48.0,False,2026-04-20,5,BLR → BOM,223
AI034,Air India,DEL,BOM,2026-04-20 05:48:41.701,2026-04-20 10:31:41.701,04:43:00,283.0,False,2026-04-20,5,DEL → BOM,224
AI012,Air India,BOM,CCU,2026-04-20 05:44:41.701,2026-04-20 09:47:41.701,04:03:00,243.0,False,2026-04-20,5,BOM → CCU,225
6F083,IndiGo,BLR,DEL,2026-04-20 05:24:41.702,2026-04-20 06:03:41.702,00:39:00,39.0,False,2026-04-20,5,BLR → DEL,226
SJ083,SpiceJet,MAA,BLR,2026-04-20 05:13:41.702,2026-04-20 08:17:41.702,03:04:00,184.0,False,2026-04-20,5,MAA → BLR,227
SJ186,SpiceJet,CCU,DEL,2026-04-20 05:11:41.703,2026-04-20 07:22:41.703,02:11:00,131.0,False,2026-04-20,5,CCU → DEL,228
UK001,Vistara,CCU,DEL,2026-04-20 05:06:41.700,2026-04-20 06:31:41.700,01:25:00,85.0,False,2026-04-20,5,CCU → DEL,229
AI217,Air India,CCU,BLR,2026-04-20 04:57:41.703,2026-04-20 07:14:41.703,02:17:00,137.0,False,2026-04-20,4,CCU → BLR,230
6F178,IndiGo,BOM,CCU,2026-04-20 04:48:41.703,2026-04-20 09:11:41.703,04:23:00,263.0,False,2026-04-20,4,BOM → CCU,231
UK015,Vistara,BLR,BOM,2026-04-20 04:46:41.701,2026-04-20 06:33:41.701,01:47:00,107.0,False,2026-04-20,4,BLR → BOM,232
AI112,Air India,DEL,BLR,2026-04-20 04:41:41.702,2026-04-20 08:24:41.702,03:43:00,223.0,False,2026-04-20,4,DEL → BLR,233
UK100,Vistara,CCU,BLR,2026-04-20 04:40:41.702,2026-04-20 07:12:41.702,02:32:00,152.0,False,2026-04-20,4,CCU → BLR,234
6F133,IndiGo,MAA,BLR,2026-04-20 04:38:41.702,2026-04-20 06:25:41.702,01:47:00,107.0,False,2026-04-20,4,MAA → BLR,235
AI227,Air India,BLR,MAA,2026-04-20 04:31:41.703,2026-04-20 08:17:41.703,03:46:00,226.0,False,2026-04-20,4,BLR → MAA,236
UK093,Vistara,HYD,CCU,2026-04-20 04:31:41.702,2026-04-20 05:21:41.702,00:50:00,50.0,False,2026-04-20,4,HYD → CCU,237
UK203,Vistara,BLR,HYD,2026-04-20 04:12:41.703,2026-04-20 05:24:41.703,01:12:00,72.0,False,2026-04-20,4,BLR → HYD,238
UK154,Vistara,MAA,HYD,2026-04-20 04:00:41.703,2026-04-20 07:57:41.703,03:57:00,237.0,False,2026-04-20,4,MAA → HYD,239
UK073,Vistara,BLR,CCU,2026-04-20 03:59:41.702,2026-04-20 08:09:41.702,04:10:00,250.0,False,2026-04-20,3,BLR → CCU,240
AI164,Air India,DEL,BLR,2026-04-20 03:57:41.703,2026-04-20 05:45:41.703,01:48:00,108.0,False,2026-04-20,3,DEL → BLR,241
UK008,Vistara,CCU,BLR,2026-04-20 03:57:41.701,2026-04-20 04:34:41.701,00:37:00,37.0,False,2026-04-20,3,CCU → BLR,242
UK051,Vistara,HYD,DEL,2026-04-20 03:55:41.701,2026-04-20 06:55:41.701,03:00:00,180.0,False,2026-04-20,3,HYD → DEL,243
UK208,Vistara,DEL,CCU,2026-04-20 03:54:41.704,2026-04-20 08:51:41.704,04:57:00,297.0,False,2026-04-20,3,DEL → CCU,244
AI150,Air India,BOM,DEL,2026-04-20 03:51:41.703,2026-04-20 04:38:41.703,00:47:00,47.0,False,2026-04-20,3,BOM → DEL,245
AI189,Air India,CCU,DEL,2026-04-20 03:44:41.703,2026-04-20 05:32:41.703,01:48:00,108.0,False,2026-04-20,3,CCU → DEL,246
6F230,IndiGo,CCU,BLR,2026-04-20 03:34:41.704,2026-04-20 06:47:41.704,03:13:00,193.0,False,2026-04-20,3,CCU → BLR,247
6F169,IndiGo,BOM,DEL,2026-04-20 03:27:41.703,2026-04-20 08:06:41.703,04:39:00,279.0,False,2026-04-20,3,BOM → DEL,248
AI205,Air India,BLR,BOM,2026-04-20 03:26:41.703,2026-04-20 05:14:41.703,01:48:00,108.0,False,2026-04-20,3,BLR → BOM,249
AI103,Air India,BLR,BOM,2026-04-20 03:26:41.702,2026-04-20 04:04:41.702,00:38:00,38.0,False,2026-04-20,3,BLR → BOM,250
6F250,IndiGo,DEL,BLR,2026-04-20 03:26:41.701,2026-04-20 07:30:41.701,04:04:00,244.0,False,2026-04-20,3,DEL → BLR,251
AI246,Air India,BOM,BLR,2026-04-20 03:22:41.704,2026-04-20 06:41:41.704,03:19:00,199.0,False,2026-04-20,3,BOM → BLR,252
6F187,IndiGo,BOM,MAA,2026-04-20 03:19:41.703,2026-04-20 07:37:41.703,04:18:00,258.0,False,2026-04-20,3,BOM → MAA,253
AI082,Air India,DEL,CCU,2026-04-20 03:19:41.702,2026-04-20 06:01:41.702,02:42:00,162.0,False,2026-04-20,3,DEL → CCU,254
UK116,Vistara,CCU,BOM,2026-04-20 03:18:41.702,2026-04-20 07:06:41.702,03:48:00,228.0,False,2026-04-20,3,CCU → BOM,255
SJ169,SpiceJet,BOM,MAA,2026-04-20 03:10:41.703,2026-04-20 07:56:41.703,04:46:00,286.0,False,2026-04-20,3,BOM → MAA,256
AI175,Air India,BOM,HYD,2026-04-20 03:08:41.703,2026-04-20 06:55:41.703,03:47:00,227.0,False,2026-04-20,3,BOM → HYD,257
SJ098,SpiceJet,HYD,MAA,2026-04-20 03:02:41.702,2026-04-20 03:37:41.702,00:35:00,35.0,False,2026-04-20,3,HYD → MAA,258
SJ191,SpiceJet,BLR,BOM,2026-04-20 03:01:41.703,2026-04-20 04:23:41.703,01:22:00,82.0,False,2026-04-20,3,BLR → BOM,259
SJ017,SpiceJet,DEL,MAA,2026-04-20 02:57:41.701,2026-04-20 05:00:41.701,02:03:00,123.0,False,2026-04-20,2,DEL → MAA,260
UK188,Vistara,MAA,BLR,2026-04-20 02:55:41.703,2026-04-20 03:44:41.703,00:49:00,49.0,False,2026-04-20,2,MAA → BLR,261
AI196,Air India,MAA,HYD,2026-04-20 02:52:41.703,2026-04-20 04:25:41.703,01:33:00,93.0,False,2026-04-20,2,MAA → HYD,262
AI068,Air India,BOM,BLR,2026-04-20 02:48:41.702,2026-04-20 04:48:42.000,02:00:00.298000,120.00496666666666,False,2026-04-20,2,BOM → BLR,263
SJ097,SpiceJet,BOM,CCU,2026-04-20 02:37:41.702,2026-04-20 05:27:41.702,02:50:00,170.0,False,2026-04-20,2,BOM → CCU,264
SJ030,SpiceJet,DEL,HYD,2026-04-20 02:36:41.701,2026-04-20 03:19:41.701,00:43:00,43.0,False,2026-04-20,2,DEL → HYD,265
6F179,IndiGo,HYD,MAA,2026-04-20 02:25:41.703,2026-04-20 06:40:41.703,04:15:00,255.0,False,2026-04-20,2,HYD → MAA,266
6F156,IndiGo,MAA,BOM,2026-04-20 02:23:41.703,2026-04-20 04:57:41.703,02:34:00,154.0,False,2026-04-20,2,MAA → BOM,267
6F250,IndiGo,CCU,BLR,2026-04-20 02:23:41.702,2026-04-20 02:56:41.702,00:33:00,33.0,False,2026-04-20,2,CCU → BLR,268
SJ057,SpiceJet,BOM,CCU,2026-04-20 02:17:41.701,2026-04-20 05:29:41.701,03:12:00,192.0,False,2026-04-20,2,BOM → CCU,269
6F036,IndiGo,CCU,BLR,2026-04-20 02:14:41.701,2026-04-20 06:57:41.701,04:43:00,283.0,False,2026-04-20,2,CCU → BLR,270
6F201,IndiGo,CCU,BOM,2026-04-20 02:09:41.703,2026-04-20 06:49:41.703,04:40:00,280.0,False,2026-04-20,2,CCU → BOM,271
6F143,IndiGo,CCU,DEL,2026-04-20 02:09:41.702,2026-04-20 06:08:41.702,03:59:00,239.0,False,2026-04-20,2,CCU → DEL,272
6F177,IndiGo,HYD,MAA,2026-04-20 02:03:41.703,2026-04-20 04:25:41.703,02:22:00,142.0,False,2026-04-20,2,HYD → MAA,273
6F031,IndiGo,BOM,BLR,2026-04-20 02:00:41.701,2026-04-20 06:37:41.701,04:37:00,277.0,False,2026-04-20,2,BOM → BLR,274
UK165,Vistara,DEL,BLR,2026-04-20 01:51:41.703,2026-04-20 06:04:41.703,04:13:00,253.0,False,2026-04-20,1,DEL → BLR,275
6F122,IndiGo,DEL,BLR,2026-04-20 01:44:41.702,2026-04-20 05:28:41.702,03:44:00,224.0,False,2026-04-20,1,DEL → BLR,276
AI009,Air India,DEL,CCU,2026-04-20 01:31:41.701,2026-04-20 04:05:41.701,02:34:00,154.0,False,2026-04-20,1,DEL → CCU,277
6F046,IndiGo,DEL,BLR,2026-04-20 01:27:41.701,2026-04-20 05:08:41.701,03:41:00,221.0,False,2026-04-20,1,DEL → BLR,278
AI051,Air India,MAA,BLR,2026-04-20 01:27:41.701,2026-04-20 02:22:41.701,00:55:00,55.0,False,2026-04-20,1,MAA → BLR,279
UK222,Vistara,BOM,CCU,2026-04-20 01:22:41.704,2026-04-20 02:57:41.704,01:35:00,95.0,False,2026-04-20,1,BOM → CCU,280
SJ127,SpiceJet,BOM,DEL,2026-04-20 01:21:41.702,2026-04-20 03:58:41.702,02:37:00,157.0,False,2026-04-20,1,BOM → DEL,281
AI226,Air India,BLR,HYD,2026-04-20 01:19:41.703,2026-04-20 04:08:41.703,02:49:00,169.0,False,2026-04-20,1,BLR → HYD,282
AI216,Air India,BOM,CCU,2026-04-20 01:10:41.703,2026-04-20 02:34:41.703,01:24:00,84.0,False,2026-04-20,1,BOM → CCU,283
6F058,IndiGo,BOM,CCU,2026-04-20 01:04:41.701,2026-04-20 03:33:41.701,02:29:00,149.0,False,2026-04-20,1,BOM → CCU,284
SJ207,SpiceJet,DEL,CCU,2026-04-20 00:52:41.703,2026-04-20 04:05:41.703,03:13:00,193.0,False,2026-04-20,0,DEL → CCU,285
SJ198,SpiceJet,CCU,BOM,2026-04-20 00:47:41.703,2026-04-20 05:28:41.703,04:41:00,281.0,False,2026-04-20,0,CCU → BOM,286
SJ108,SpiceJet,BLR,HYD,2026-04-20 00:40:41.702,2026-04-20 03:16:41.702,02:36:00,156.0,False,2026-04-20,0,BLR → HYD,287
SJ155,SpiceJet,DEL,CCU,2026-04-20 00:38:41.702,2026-04-20 05:38:41.702,05:00:00,300.0,False,2026-04-20,0,DEL → CCU,288
6F193,IndiGo,BOM,MAA,2026-04-20 00:34:41.703,2026-04-20 02:32:41.703,01:58:00,118.0,False,2026-04-20,0,BOM → MAA,289
6F019,IndiGo,BLR,BOM,2026-04-20 00:19:41.701,2026-04-20 04:14:41.701,03:55:00,235.0,False,2026-04-20,0,BLR → BOM,290
AI102,Air India,CCU,BLR,2026-04-20 00:17:41.702,2026-04-20 05:08:41.702,04:51:00,291.0,False,2026-04-20,0,CCU → BLR,291
6F166,IndiGo,BOM,CCU,2026-04-20 00:03:41.703,2026-04-20 04:33:41.703,04:30:00,270.0,False,2026-04-20,0,BOM → CCU,292
UK175,Vistara,BLR,BOM,2026-04-19 23:56:41.703,2026-04-20 03:18:41.703,03:22:00,202.0,True,2026-04-19,23,BLR → BOM,293
6F010,IndiGo,DEL,BLR,2026-04-19 23:53:41.701,2026-04-20 03:44:41.701,03:51:00,231.0,True,2026-04-19,23,DEL → BLR,294
AI234,Air India,BOM,MAA,2026-04-19 23:50:41.704,2026-04-20 01:34:41.704,01:44:00,104.0,True,2026-04-19,23,BOM → MAA,295
UK135,Vistara,HYD,DEL,2026-04-19 23:50:41.702,2026-04-20 01:43:41.702,01:53:00,113.0,True,2026-04-19,23,HYD → DEL,296
6F272,IndiGo,HYD,MAA,2026-04-19 23:35:41.702,2026-04-20 00:22:41.702,00:47:00,47.0,True,2026-04-19,23,HYD → MAA,297
AI061,Air India,BOM,CCU,2026-04-19 23:31:41.701,2026-04-20 01:02:41.701,01:31:00,91.0,True,2026-04-19,23,BOM → CCU,298
6F070,IndiGo,HYD,DEL,2026-04-19 23:23:41.701,2026-04-20 02:24:41.701,03:01:00,181.0,True,2026-04-19,23,HYD → DEL,299
AI015,Air India,BLR,CCU,2026-04-19 23:21:41.701,2026-04-20 01:15:41.701,01:54:00,114.0,True,2026-04-19,23,BLR → CCU,300
SJ076,SpiceJet,DEL,MAA,2026-04-19 23:01:41.701,2026-04-20 02:02:41.701,03:01:00,181.0,True,2026-04-19,23,DEL → MAA,301
SJ029,SpiceJet,HYD,DEL,2026-04-19 22:55:41.701,2026-04-20 00:22:41.701,01:27:00,87.0,True,2026-04-19,22,HYD → DEL,302
SJ194,SpiceJet,CCU,DEL,2026-04-19 22:46:41.703,2026-04-20 02:31:41.703,03:45:00,225.0,True,2026-04-19,22,CCU → DEL,303
AI235,Air India,BLR,HYD,2026-04-19 22:45:41.704,2026-04-20 02:12:41.704,03:27:00,207.0,True,2026-04-19,22,BLR → HYD,304
SJ048,SpiceJet,MAA,BLR,2026-04-19 22:43:41.701,2026-04-20 00:19:41.701,01:36:00,96.0,True,2026-04-19,22,MAA → BLR,305
SJ114,SpiceJet,HYD,DEL,2026-04-19 22:42:41.702,2026-04-20 02:02:41.702,03:20:00,200.0,True,2026-04-19,22,HYD → DEL,306
SJ146,SpiceJet,HYD,BLR,2026-04-19 22:37:41.702,2026-04-20 00:33:41.702,01:56:00,116.0,True,2026-04-19,22,HYD → BLR,307
UK041,Vistara,HYD,MAA,2026-04-19 22:37:41.701,2026-04-19 23:44:41.701,01:07:00,67.0,False,2026-04-19,22,HYD → MAA,308
6F075,IndiGo,BOM,CCU,2026-04-19 22:20:41.702,2026-04-20 03:02:41.702,04:42:00,282.0,True,2026-04-19,22,BOM → CCU,309
SJ020,SpiceJet,BLR,BOM,2026-04-19 22:18:41.701,2026-04-20 02:27:41.701,04:09:00,249.0,True,2026-04-19,22,BLR → BOM,310
SJ099,SpiceJet,MAA,BLR,2026-04-19 22:14:41.702,2026-04-20 00:34:41.702,02:20:00,140.0,True,2026-04-19,22,MAA → BLR,311
6F078,IndiGo,BOM,CCU,2026-04-19 22:04:41.702,2026-04-19 23:37:41.702,01:33:00,93.0,False,2026-04-19,22,BOM → CCU,312
UK219,Vistara,BOM,HYD,2026-04-19 22:03:41.704,2026-04-20 02:21:41.704,04:18:00,258.0,True,2026-04-19,22,BOM → HYD,313
UK223,Vistara,CCU,DEL,2026-04-19 21:58:41.704,2026-04-19 22:30:41.704,00:32:00,32.0,False,2026-04-19,21,CCU → DEL,314
UK227,Vistara,BOM,HYD,2026-04-19 21:57:41.704,2026-04-20 01:47:41.704,03:50:00,230.0,True,2026-04-19,21,BOM → HYD,315
6F260,IndiGo,CCU,DEL,2026-04-19 21:51:41.702,2026-04-20 01:14:41.702,03:23:00,203.0,True,2026-04-19,21,CCU → DEL,316
AI096,Air India,CCU,DEL,2026-04-19 21:48:41.702,2026-04-20 02:46:41.702,04:58:00,298.0,True,2026-04-19,21,CCU → DEL,317
6F022,IndiGo,MAA,BLR,2026-04-19 21:46:41.701,2026-04-20 02:05:41.701,04:19:00,259.0,True,2026-04-19,21,MAA → BLR,318
6F237,IndiGo,HYD,MAA,2026-04-19 21:41:41.704,2026-04-20 00:44:41.704,03:03:00,183.0,True,2026-04-19,21,HYD → MAA,319
UK146,Vistara,BOM,MAA,2026-04-19 21:40:41.703,2026-04-20 00:08:41.703,02:28:00,148.0,True,2026-04-19,21,BOM → MAA,320
SJ015,SpiceJet,BOM,CCU,2026-04-19 21:40:41.701,2026-04-19 22:52:41.701,01:12:00,72.0,False,2026-04-19,21,BOM → CCU,321
AI108,Air India,BLR,CCU,2026-04-19 21:32:41.702,2026-04-20 00:17:41.702,02:45:00,165.0,True,2026-04-19,21,BLR → CCU,322
UK020,Vistara,MAA,BLR,2026-04-19 21:23:41.701,2026-04-19 22:38:41.701,01:15:00,75.0,False,2026-04-19,21,MAA → BLR,323
6F113,IndiGo,BOM,CCU,2026-04-19 21:04:41.702,2026-04-20 01:30:41.702,04:26:00,266.0,True,2026-04-19,21,BOM → CCU,324
6F112,IndiGo,HYD,DEL,2026-04-19 21:00:41.702,2026-04-19 23:16:41.702,02:16:00,136.0,False,2026-04-19,21,HYD → DEL,325
6F246,IndiGo,HYD,DEL,2026-04-19 21:00:41.702,2026-04-19 23:16:41.702,02:16:00,136.0,False,2026-04-19,21,HYD → DEL,326
UK158,Vistara,BOM,MAA,2026-04-19 20:49:41.703,2026-04-19 21:22:41.703,00:33:00,33.0,False,2026-04-19,20,BOM → MAA,327
UK159,Vistara,CCU,BLR,2026-04-19 20:45:41.703,2026-04-19 23:32:41.703,02:47:00,167.0,False,2026-04-19,20,CCU → BLR,328
UK084,Vistara,MAA,DEL,2026-04-19 20:44:41.702,2026-04-20 00:20:41.702,03:36:00,216.0,True,2026-04-19,20,MAA → DEL,329
SJ206,SpiceJet,DEL,CCU,2026-04-19 20:43:41.703,2026-04-20 01:21:41.703,04:38:00,278.0,True,2026-04-19,20,DEL → CCU,330
UK044,Vistara,BLR,BOM,2026-04-19 20:31:41.701,2026-04-19 23:29:41.701,02:58:00,178.0,False,2026-04-19,20,BLR → BOM,331
SJ036,SpiceJet,DEL,HYD,2026-04-19 20:24:41.701,2026-04-19 23:54:41.701,03:30:00,210.0,False,2026-04-19,20,DEL → HYD,332
6F176,IndiGo,CCU,DEL,2026-04-19 20:23:42.000,2026-04-19 23:23:42.000,03:00:00,180.0,False,2026-04-19,20,CCU → DEL,333
6F148,IndiGo,CCU,BOM,2026-04-19 20:23:41.703,2026-04-19 22:30:41.703,02:07:00,127.0,False,2026-04-19,20,CCU → BOM,334
6F202,IndiGo,HYD,BLR,2026-04-19 20:18:41.703,2026-04-19 23:48:41.703,03:30:00,210.0,False,2026-04-19,20,HYD → BLR,335
6F071,IndiGo,DEL,CCU,2026-04-19 20:18:41.702,2026-04-20 00:31:41.702,04:13:00,253.0,True,2026-04-19,20,DEL → CCU,336
AI105,Air India,CCU,DEL,2026-04-19 20:16:41.702,2026-04-19 22:03:41.702,01:47:00,107.0,False,2026-04-19,20,CCU → DEL,337
AI241,Air India,HYD,BLR,2026-04-19 20:11:41.704,2026-04-19 22:18:41.704,02:07:00,127.0,False,2026-04-19,20,HYD → BLR,338
SJ162,SpiceJet,DEL,HYD,2026-04-19 20:11:41.703,2026-04-19 22:30:41.703,02:19:00,139.0,False,2026-04-19,20,DEL → HYD,339
6F003,IndiGo,HYD,BOM,2026-04-19 20:06:41.700,2026-04-19 23:13:41.700,03:07:00,187.0,False,2026-04-19,20,HYD → BOM,340
6F249,IndiGo,HYD,BOM,2026-04-19 20:06:41.700,2026-04-19 23:13:41.700,03:07:00,187.0,False,2026-04-19,20,HYD → BOM,341
AI237,Air India,BOM,CCU,2026-04-19 19:58:41.704,2026-04-19 23:13:41.704,03:15:00,195.0,False,2026-04-19,19,BOM → CCU,342
SJ134,SpiceJet,BOM,CCU,2026-04-19 19:58:41.702,2026-04-20 00:15:41.702,04:17:00,257.0,True,2026-04-19,19,BOM → CCU,343
AI071,Air India,BOM,MAA,2026-04-19 19:55:41.702,2026-04-19 22:58:41.702,03:03:00,183.0,False,2026-04-19,19,BOM → MAA,344
6F118,IndiGo,CCU,HYD,2026-04-19 19:52:41.702,2026-04-19 21:01:41.702,01:09:00,69.0,False,2026-04-19,19,CCU → HYD,345
6F014,IndiGo,DEL,MAA,2026-04-19 19:42:41.701,2026-04-19 23:15:41.701,03:33:00,213.0,False,2026-04-19,19,DEL → MAA,346
6F065,IndiGo,MAA,BLR,2026-04-19 19:40:41.701,2026-04-19 22:23:41.701,02:43:00,163.0,False,2026-04-19,19,MAA → BLR,347
6F271,IndiGo,HYD,MAA,2026-04-19 19:33:41.702,2026-04-19 22:52:41.702,03:19:00,199.0,False,2026-04-19,19,HYD → MAA,348
SJ070,SpiceJet,MAA,CCU,2026-04-19 18:55:41.701,2026-04-19 20:48:41.701,01:53:00,113.0,False,2026-04-19,18,MAA → CCU,349
6F007,IndiGo,HYD,MAA,2026-04-19 18:55:41.701,2026-04-19 19:54:41.701,00:59:00,59.0,False,2026-04-19,18,HYD → MAA,350
UK007,Vistara,DEL,HYD,2026-04-19 18:50:41.701,2026-04-19 21:04:41.701,02:14:00,134.0,False,2026-04-19,18,DEL → HYD,351
SJ192,SpiceJet,HYD,BOM,2026-04-19 18:45:42.000,2026-04-19 23:45:42.000,1899-12-29 05:00:00,300.0,False,2026-04-19,18,HYD → BOM,352
AI097,Air India,HYD,MAA,2026-04-19 18:42:41.702,2026-04-19 23:34:41.702,04:52:00,292.0,False,2026-04-19,18,HYD → MAA,353
6F256,IndiGo,BOM,CCU,2026-04-19 18:40:41.702,2026-04-19 19:13:41.702,00:33:00,33.0,False,2026-04-19,18,BOM → CCU,354
UK047,Vistara,BLR,HYD,2026-04-19 18:40:41.701,2026-04-19 22:45:41.701,04:05:00,245.0,False,2026-04-19,18,BLR → HYD,355
AI024,Air India,MAA,BOM,2026-04-19 18:38:41.701,2026-04-19 19:45:41.701,01:07:00,67.0,False,2026-04-19,18,MAA → BOM,356
UK113,Vistara,CCU,DEL,2026-04-19 18:34:41.702,2026-04-19 22:58:41.702,04:24:00,264.0,False,2026-04-19,18,CCU → DEL,357
SJ163,SpiceJet,DEL,HYD,2026-04-19 18:32:41.703,2026-04-19 23:08:41.703,04:36:00,276.0,False,2026-04-19,18,DEL → HYD,358
SJ208,SpiceJet,DEL,HYD,2026-04-19 18:32:41.703,2026-04-19 19:33:41.703,01:01:00,61.0,False,2026-04-19,18,DEL → HYD,359
SJ221,SpiceJet,MAA,HYD,2026-04-19 18:31:41.703,2026-04-19 23:17:41.703,04:46:00,286.0,False,2026-04-19,18,MAA → HYD,360
SJ084,SpiceJet,HYD,MAA,2026-04-19 18:31:41.702,2026-04-19 19:30:41.702,00:59:00,59.0,False,2026-04-19,18,HYD → MAA,361
6F127,IndiGo,HYD,BOM,2026-04-19 18:27:41.702,2026-04-19 22:28:41.702,04:01:00,241.0,False,2026-04-19,18,HYD → BOM,362
AI122,Air India,BOM,CCU,2026-04-19 18:25:41.702,2026-04-19 22:36:41.702,04:11:00,251.0,False,2026-04-19,18,BOM → CCU,363
AI139,Air India,HYD,MAA,2026-04-19 18:23:41.702,2026-04-19 19:24:41.702,01:01:00,61.0,False,2026-04-19,18,HYD → MAA,364
UK149,Vistara,MAA,DEL,2026-04-19 18:22:41.703,2026-04-19 23:08:41.703,04:46:00,286.0,False,2026-04-19,18,MAA → DEL,365
AI149,Air India,BOM,HYD,2026-04-19 18:19:41.703,2026-04-19 21:36:41.703,03:17:00,197.0,False,2026-04-19,18,BOM → HYD,366
SJ243,SpiceJet,BLR,DEL,2026-04-19 18:17:41.704,2026-04-19 23:03:41.704,04:46:00,286.0,False,2026-04-19,18,BLR → DEL,367
AI053,Air India,CCU,DEL,2026-04-19 18:04:41.701,2026-04-19 22:19:41.701,04:15:00,255.0,False,2026-04-19,18,CCU → DEL,368
UK061,Vistara,BLR,BOM,2026-04-19 17:58:41.701,2026-04-19 19:48:41.701,01:50:00,110.0,False,2026-04-19,17,BLR → BOM,369
SJ004,SpiceJet,MAA,DEL,2026-04-19 17:52:41.701,2026-04-19 21:01:41.701,03:09:00,189.0,False,2026-04-19,17,MAA → DEL,370
AI173,Air India,HYD,DEL,2026-04-19 17:36:41.703,2026-04-19 22:27:41.703,04:51:00,291.0,False,2026-04-19,17,HYD → DEL,371
6F085,IndiGo,HYD,MAA,2026-04-19 17:32:41.702,2026-04-19 19:32:42.000,02:00:00.298000,120.00496666666666,False,2026-04-19,17,HYD → MAA,372
AI252,Air India,HYD,DEL,2026-04-19 17:30:41.704,2026-04-19 21:54:41.704,04:24:00,264.0,False,2026-04-19,17,HYD → DEL,373
SJ109,SpiceJet,BOM,DEL,2026-04-19 17:24:41.702,2026-04-19 20:28:41.702,03:04:00,184.0,False,2026-04-19,17,BOM → DEL,374
UK123,Vistara,BOM,DEL,2026-04-19 17:24:41.702,2026-04-19 20:18:41.702,02:54:00,174.0,False,2026-04-19,17,BOM → DEL,375
6F125,IndiGo,BOM,CCU,2026-04-19 17:09:41.702,2026-04-19 21:13:41.702,04:04:00,244.0,False,2026-04-19,17,BOM → CCU,376
UK183,Vistara,BLR,CCU,2026-04-19 17:07:41.703,2026-04-19 18:30:41.703,01:23:00,83.0,False,2026-04-19,17,BLR → CCU,377
AI110,Air India,BOM,CCU,2026-04-19 17:07:41.702,2026-04-19 22:00:41.702,04:53:00,293.0,False,2026-04-19,17,BOM → CCU,378
UK105,Vistara,CCU,HYD,2026-04-19 17:04:41.702,2026-04-19 18:11:41.702,01:07:00,67.0,False,2026-04-19,17,CCU → HYD,379
6F128,IndiGo,HYD,DEL,2026-04-19 16:56:41.702,2026-04-19 18:03:41.702,01:07:00,67.0,False,2026-04-19,16,HYD → DEL,380
6F224,IndiGo,DEL,MAA,2026-04-19 16:53:41.704,2026-04-19 18:52:41.704,01:59:00,119.0,False,2026-04-19,16,DEL → MAA,381
SJ130,SpiceJet,BOM,DEL,2026-04-19 16:53:41.702,2026-04-19 20:53:41.702,04:00:00,240.0,False,2026-04-19,16,BOM → DEL,382
AI224,Air India,DEL,HYD,2026-04-19 16:51:41.703,2026-04-19 21:36:41.703,04:45:00,285.0,False,2026-04-19,16,DEL → HYD,383
SJ182,SpiceJet,CCU,BOM,2026-04-19 16:48:41.703,2026-04-19 17:36:41.703,00:48:00,48.0,False,2026-04-19,16,CCU → BOM,384
UK164,Vistara,BOM,HYD,2026-04-19 16:46:41.703,2026-04-19 21:10:41.703,04:24:00,264.0,False,2026-04-19,16,BOM → HYD,385
AI161,Air India,CCU,BOM,2026-04-19 16:40:41.703,2026-04-19 19:40:41.703,03:00:00,180.0,False,2026-04-19,16,CCU → BOM,386
6F206,IndiGo,DEL,BOM,2026-04-19 16:39:41.703,2026-04-19 20:59:41.703,04:20:00,260.0,False,2026-04-19,16,DEL → BOM,387
SJ204,SpiceJet,CCU,DEL,2026-04-19 16:34:41.703,2026-04-19 18:15:41.703,01:41:00,101.0,False,2026-04-19,16,CCU → DEL,388
AI206,Air India,CCU,MAA,2026-04-19 16:30:41.703,2026-04-19 20:01:41.703,03:31:00,211.0,False,2026-04-19,16,CCU → MAA,389
6F140,IndiGo,CCU,HYD,2026-04-19 16:30:41.702,2026-04-19 18:21:41.702,01:51:00,111.0,False,2026-04-19,16,CCU → HYD,390
6F253,IndiGo,MAA,BLR,2026-04-19 16:26:41.703,2026-04-19 18:24:41.703,01:58:00,118.0,False,2026-04-19,16,MAA → BLR,391
SJ203,SpiceJet,DEL,HYD,2026-04-19 16:22:41.703,2026-04-19 18:27:41.703,02:05:00,125.0,False,2026-04-19,16,DEL → HYD,392
SJ161,SpiceJet,MAA,BLR,2026-04-19 16:22:41.703,2026-04-19 17:04:41.703,00:42:00,42.0,False,2026-04-19,16,MAA → BLR,393
AI098,Air India,HYD,MAA,2026-04-19 16:01:41.702,2026-04-19 18:11:41.702,02:10:00,130.0,False,2026-04-19,16,HYD → MAA,394
AI168,Air India,DEL,CCU,2026-04-19 15:50:41.703,2026-04-19 20:20:41.703,04:30:00,270.0,False,2026-04-19,15,DEL → CCU,395
UK190,Vistara,DEL,BLR,2026-04-19 15:49:41.703,2026-04-19 18:53:41.703,03:04:00,184.0,False,2026-04-19,15,DEL → BLR,396
AI085,Air India,DEL,HYD,2026-04-19 15:45:41.702,2026-04-19 20:33:41.702,04:48:00,288.0,False,2026-04-19,15,DEL → HYD,397
AI076,Air India,BLR,BOM,2026-04-19 15:37:41.702,2026-04-19 16:12:41.702,00:35:00,35.0,False,2026-04-19,15,BLR → BOM,398
UK130,Vistara,MAA,BLR,2026-04-19 15:36:41.702,2026-04-19 19:43:41.702,04:07:00,247.0,False,2026-04-19,15,MAA → BLR,399
6F038,IndiGo,HYD,MAA,2026-04-19 15:36:41.701,2026-04-19 19:33:41.701,03:57:00,237.0,False,2026-04-19,15,HYD → MAA,400
UK110,Vistara,HYD,DEL,2026-04-19 15:26:41.702,2026-04-19 20:13:41.702,04:47:00,287.0,False,2026-04-19,15,HYD → DEL,401
SJ013,SpiceJet,DEL,MAA,2026-04-19 15:25:41.701,2026-04-19 19:54:41.701,04:29:00,269.0,False,2026-04-19,15,DEL → MAA,402
AI039,Air India,MAA,BLR,2026-04-19 15:24:41.701,2026-04-19 18:56:41.701,03:32:00,212.0,False,2026-04-19,15,MAA → BLR,403
AI248,Air India,CCU,DEL,2026-04-19 15:17:41.704,2026-04-19 16:35:41.704,01:18:00,78.0,False,2026-04-19,15,CCU → DEL,404
6F199,IndiGo,DEL,MAA,2026-04-19 15:15:41.703,2026-04-19 17:32:41.703,02:17:00,137.0,False,2026-04-19,15,DEL → MAA,405
AI225,Air India,BOM,BLR,2026-04-19 15:05:41.703,2026-04-19 16:01:41.703,00:56:00,56.0,False,2026-04-19,15,BOM → BLR,406
SJ028,SpiceJet,CCU,BOM,2026-04-19 15:04:41.701,2026-04-19 19:32:41.701,04:28:00,268.0,False,2026-04-19,15,CCU → BOM,407
SJ012,SpiceJet,HYD,BLR,2026-04-19 15:01:41.701,2026-04-19 16:12:41.701,01:11:00,71.0,False,2026-04-19,15,HYD → BLR,408
SJ131,SpiceJet,MAA,HYD,2026-04-19 15:00:41.702,2026-04-19 16:07:41.702,01:07:00,67.0,False,2026-04-19,15,MAA → HYD,409
AI010,Air India,BOM,HYD,2026-04-19 15:00:41.701,2026-04-19 19:48:41.701,04:48:00,288.0,False,2026-04-19,15,BOM → HYD,410
6F020,IndiGo,BOM,HYD,2026-04-19 14:58:41.701,2026-04-19 16:43:41.701,01:45:00,105.0,False,2026-04-19,14,BOM → HYD,411
SJ038,SpiceJet,BLR,DEL,2026-04-19 14:57:41.701,2026-04-19 17:46:41.701,02:49:00,169.0,False,2026-04-19,14,BLR → DEL,412
UK204,Vistara,BLR,DEL,2026-04-19 14:46:41.703,2026-04-19 16:24:41.703,01:38:00,98.0,False,2026-04-19,14,BLR → DEL,413
AI036,Air India,BOM,CCU,2026-04-19 14:45:41.701,2026-04-19 16:16:41.701,01:31:00,91.0,False,2026-04-19,14,BOM → CCU,414
AI100,Air India,CCU,BOM,2026-04-19 14:42:41.702,2026-04-19 18:22:41.702,03:40:00,220.0,False,2026-04-19,14,CCU → BOM,415
SJ215,SpiceJet,CCU,DEL,2026-04-19 14:37:41.703,2026-04-19 16:12:41.703,01:35:00,95.0,False,2026-04-19,14,CCU → DEL,416
UK155,Vistara,MAA,HYD,2026-04-19 14:34:41.703,2026-04-19 18:37:41.703,04:03:00,243.0,False,2026-04-19,14,MAA → HYD,417
SJ173,SpiceJet,CCU,HYD,2026-04-19 14:27:41.703,2026-04-19 16:09:41.703,01:42:00,102.0,False,2026-04-19,14,CCU → HYD,418
UK179,Vistara,DEL,HYD,2026-04-19 14:25:41.703,2026-04-19 19:15:41.703,04:50:00,290.0,False,2026-04-19,14,DEL → HYD,419
UK221,Vistara,CCU,DEL,2026-04-19 14:18:41.704,2026-04-19 18:44:41.704,04:26:00,266.0,False,2026-04-19,14,CCU → DEL,420
UK023,Vistara,DEL,MAA,2026-04-19 14:15:41.701,2026-04-19 19:03:41.701,04:48:00,288.0,False,2026-04-19,14,DEL → MAA,421
SJ107,SpiceJet,BOM,MAA,2026-04-19 14:10:41.702,2026-04-19 18:38:41.702,04:28:00,268.0,False,2026-04-19,14,BOM → MAA,422
AI073,Air India,BOM,BLR,2026-04-19 14:08:41.702,2026-04-19 16:10:41.702,02:02:00,122.0,False,2026-04-19,14,BOM → BLR,423
SJ187,SpiceJet,MAA,BLR,2026-04-19 14:07:41.703,2026-04-19 17:30:41.703,03:23:00,203.0,False,2026-04-19,14,MAA → BLR,424
UK058,Vistara,MAA,BOM,2026-04-19 13:46:41.701,2026-04-19 17:04:41.701,03:18:00,198.0,False,2026-04-19,13,MAA → BOM,425
SJ063,SpiceJet,MAA,BOM,2026-04-19 13:38:41.701,2026-04-19 15:23:41.701,01:45:00,105.0,False,2026-04-19,13,MAA → BOM,426
SJ062,SpiceJet,BLR,HYD,2026-04-19 13:37:41.701,2026-04-19 17:06:41.701,03:29:00,209.0,False,2026-04-19,13,BLR → HYD,427
UK048,Vistara,MAA,DEL,2026-04-19 13:36:41.701,2026-04-19 18:21:41.701,04:45:00,285.0,False,2026-04-19,13,MAA → DEL,428
AI181,Air India,MAA,HYD,2026-04-19 13:29:41.703,2026-04-19 16:55:41.703,03:26:00,206.0,False,2026-04-19,13,MAA → HYD,429
AI003,Air India,BLR,HYD,2026-04-19 13:27:41.701,2026-04-19 16:55:41.701,03:28:00,208.0,False,2026-04-19,13,BLR → HYD,430
6F041,IndiGo,MAA,BOM,2026-04-19 13:19:41.701,2026-04-19 16:48:41.701,03:29:00,209.0,False,2026-04-19,13,MAA → BOM,431
6F175,IndiGo,MAA,CCU,2026-04-19 13:18:41.703,2026-04-19 15:13:41.703,01:55:00,115.0,False,2026-04-19,13,MAA → CCU,432
6F013,IndiGo,BOM,CCU,2026-04-19 13:15:41.701,2026-04-19 18:05:41.701,04:50:00,290.0,False,2026-04-19,13,BOM → CCU,433
SJ040,SpiceJet,BOM,CCU,2026-04-19 13:12:41.701,2026-04-19 16:44:41.701,03:32:00,212.0,False,2026-04-19,13,BOM → CCU,434
SJ016,SpiceJet,HYD,CCU,2026-04-19 13:01:41.701,2026-04-19 16:26:41.701,03:25:00,205.0,False,2026-04-19,13,HYD → CCU,435
6F135,IndiGo,MAA,HYD,2026-04-19 12:59:41.702,2026-04-19 13:45:41.702,00:46:00,46.0,False,2026-04-19,12,MAA → HYD,436
6F150,IndiGo,HYD,MAA,2026-04-19 12:55:41.703,2026-04-19 16:53:41.703,03:58:00,238.0,False,2026-04-19,12,HYD → MAA,437
AI083,Air India,DEL,BOM,2026-04-19 12:54:41.702,2026-04-19 13:37:41.702,00:43:00,43.0,False,2026-04-19,12,DEL → BOM,438
SJ166,SpiceJet,CCU,HYD,2026-04-19 12:51:41.703,2026-04-19 16:18:41.703,03:27:00,207.0,False,2026-04-19,12,CCU → HYD,439
SJ027,SpiceJet,BOM,MAA,2026-04-19 12:50:41.701,2026-04-19 17:13:41.701,04:23:00,263.0,False,2026-04-19,12,BOM → MAA,440
6F134,IndiGo,BLR,MAA,2026-04-19 12:47:41.702,2026-04-19 14:06:41.702,01:19:00,79.0,False,2026-04-19,12,BLR → MAA,441
UK225,Vistara,MAA,BLR,2026-04-19 12:46:41.704,2026-04-19 15:02:41.704,02:16:00,136.0,False,2026-04-19,12,MAA → BLR,442
SJ175,SpiceJet,MAA,BLR,2026-04-19 12:46:41.703,2026-04-19 16:50:41.703,04:04:00,244.0,False,2026-04-19,12,MAA → BLR,443
AI182,Air India,HYD,DEL,2026-04-19 12:41:41.703,2026-04-19 17:14:41.703,04:33:00,273.0,False,2026-04-19,12,HYD → DEL,444
AI190,Air India,BOM,CCU,2026-04-19 12:38:41.703,2026-04-19 15:56:41.703,03:18:00,198.0,False,2026-04-19,12,BOM → CCU,445
AI120,Air India,MAA,CCU,2026-04-19 12:12:41.702,2026-04-19 14:18:41.702,02:06:00,126.0,False,2026-04-19,12,MAA → CCU,446
6F132,IndiGo,MAA,BOM,2026-04-19 12:00:41.702,2026-04-19 13:00:42.000,01:00:00.298000,60.00496666666666,False,2026-04-19,12,MAA → BOM,447
UK102,Vistara,HYD,CCU,2026-04-19 11:58:41.702,2026-04-19 14:01:41.702,02:03:00,123.0,False,2026-04-19,11,HYD → CCU,448
AI045,Air India,HYD,MAA,2026-04-19 11:58:41.701,2026-04-19 14:37:41.701,02:39:00,159.0,False,2026-04-19,11,HYD → MAA,449
UK136,Vistara,HYD,CCU,2026-04-19 11:43:41.703,2026-04-19 15:26:41.703,03:43:00,223.0,False,2026-04-19,11,HYD → CCU,450
SJ238,SpiceJet,MAA,BLR,2026-04-19 11:41:41.704,2026-04-19 15:39:41.704,03:58:00,238.0,False,2026-04-19,11,MAA → BLR,451
AI193,Air India,MAA,HYD,2026-04-19 11:33:41.703,2026-04-19 16:07:41.703,04:34:00,274.0,False,2026-04-19,11,MAA → HYD,452
6F001,IndiGo,HYD,BOM,2026-04-19 11:33:41.700,2026-04-19 13:08:41.700,01:35:00,95.0,False,2026-04-19,11,HYD → BOM,453
6F211,IndiGo,MAA,BLR,2026-04-19 11:29:41.703,2026-04-19 16:20:41.703,04:51:00,291.0,False,2026-04-19,11,MAA → BLR,454
SJ199,SpiceJet,HYD,BOM,2026-04-19 11:29:41.703,2026-04-19 13:59:41.703,02:30:00,150.0,False,2026-04-19,11,HYD → BOM,455
SJ050,SpiceJet,HYD,CCU,2026-04-19 11:24:41.701,2026-04-19 12:03:41.701,00:39:00,39.0,False,2026-04-19,11,HYD → CCU,456
UK115,Vistara,BLR,BOM,2026-04-19 11:20:41.702,2026-04-19 13:20:42.000,02:00:00.298000,120.00496666666666,False,2026-04-19,11,BLR → BOM,457
AI037,Air India,BOM,BLR,2026-04-19 11:14:41.701,2026-04-19 15:13:41.701,03:59:00,239.0,False,2026-04-19,11,BOM → BLR,458
6F235,IndiGo,HYD,MAA,2026-04-19 11:06:41.704,2026-04-19 13:51:41.704,02:45:00,165.0,False,2026-04-19,11,HYD → MAA,459
UK111,Vistara,MAA,BLR,2026-04-19 11:06:41.702,2026-04-19 12:20:41.702,01:14:00,74.0,False,2026-04-19,11,MAA → BLR,460
6F005,IndiGo,BOM,MAA,2026-04-19 11:04:41.701,2026-04-19 15:27:41.701,04:23:00,263.0,False,2026-04-19,11,BOM → MAA,461
AI198,Air India,CCU,MAA,2026-04-19 10:56:41.703,2026-04-19 14:19:41.703,03:23:00,203.0,False,2026-04-19,10,CCU → MAA,462
UK184,Vistara,MAA,HYD,2026-04-19 10:49:41.703,2026-04-19 13:00:41.703,02:11:00,131.0,False,2026-04-19,10,MAA → HYD,463
6F219,IndiGo,MAA,DEL,2026-04-19 10:32:41.704,2026-04-19 14:37:41.704,04:05:00,245.0,False,2026-04-19,10,MAA → DEL,464
UK066,Vistara,BOM,CCU,2026-04-19 10:29:41.701,2026-04-19 12:07:41.701,01:38:00,98.0,False,2026-04-19,10,BOM → CCU,465
6F220,IndiGo,HYD,BOM,2026-04-19 10:27:41.704,2026-04-19 11:25:41.704,00:58:00,58.0,False,2026-04-19,10,HYD → BOM,466
AI180,Air India,BOM,CCU,2026-04-19 10:19:41.703,2026-04-19 11:00:41.703,00:41:00,41.0,False,2026-04-19,10,BOM → CCU,467
6F098,IndiGo,BLR,MAA,2026-04-19 10:18:41.702,2026-04-19 12:49:41.702,02:31:00,151.0,False,2026-04-19,10,BLR → MAA,468
AI141,Air India,BLR,DEL,2026-04-19 10:16:41.702,2026-04-19 14:53:41.702,04:37:00,277.0,False,2026-04-19,10,BLR → DEL,469
SJ170,SpiceJet,BLR,BOM,2026-04-19 10:11:41.703,2026-04-19 11:56:41.703,01:45:00,105.0,False,2026-04-19,10,BLR → BOM,470
SJ178,SpiceJet,BOM,HYD,2026-04-19 09:58:41.703,2026-04-19 12:27:41.703,02:29:00,149.0,False,2026-04-19,9,BOM → HYD,471
6F172,IndiGo,BOM,BLR,2026-04-19 09:53:41.703,2026-04-19 14:46:41.703,04:53:00,293.0,False,2026-04-19,9,BOM → BLR,472
UK220,Vistara,BLR,BOM,2026-04-19 09:51:41.704,2026-04-19 13:25:41.704,03:34:00,214.0,False,2026-04-19,9,BLR → BOM,473
SJ148,SpiceJet,DEL,BLR,2026-04-19 09:51:41.702,2026-04-19 13:41:41.702,03:50:00,230.0,False,2026-04-19,9,DEL → BLR,474
UK065,Vistara,BOM,CCU,2026-04-19 09:38:41.701,2026-04-19 13:46:41.701,04:08:00,248.0,False,2026-04-19,9,BOM → CCU,475
6F243,IndiGo,BOM,HYD,2026-04-19 09:37:41.704,2026-04-19 10:33:41.704,00:56:00,56.0,False,2026-04-19,9,BOM → HYD,476
SJ193,SpiceJet,CCU,DEL,2026-04-19 09:37:41.703,2026-04-19 12:16:41.703,02:39:00,159.0,False,2026-04-19,9,CCU → DEL,477
UK056,Vistara,HYD,MAA,2026-04-19 09:29:41.701,2026-04-19 10:15:41.701,00:46:00,46.0,False,2026-04-19,9,HYD → MAA,478
AI219,Air India,BLR,DEL,2026-04-19 09:28:41.703,2026-04-19 11:27:41.703,01:59:00,119.0,False,2026-04-19,9,BLR → DEL,479
SJ073,SpiceJet,CCU,BLR,2026-04-19 09:26:41.701,2026-04-19 11:14:41.701,01:48:00,108.0,False,2026-04-19,9,CCU → BLR,480
6F052,IndiGo,BOM,CCU,2026-04-19 09:13:41.701,2026-04-19 12:02:41.701,02:49:00,169.0,False,2026-04-19,9,BOM → CCU,481
SJ201,SpiceJet,BLR,DEL,2026-04-19 09:10:41.703,2026-04-19 11:12:41.703,02:02:00,122.0,False,2026-04-19,9,BLR → DEL,482
UK028,Vistara,HYD,MAA,2026-04-19 09:02:41.701,2026-04-19 10:37:41.701,01:35:00,95.0,False,2026-04-19,9,HYD → MAA,483
SJ119,SpiceJet,BOM,CCU,2026-04-19 08:53:41.702,2026-04-19 11:29:41.702,02:36:00,156.0,False,2026-04-19,8,BOM → CCU,484
AI165,Air India,DEL,CCU,2026-04-19 08:51:41.703,2026-04-19 10:31:41.703,01:40:00,100.0,False,2026-04-19,8,DEL → CCU,485
AI255,Air India,MAA,CCU,2026-04-19 08:45:41.704,2026-04-19 13:12:41.704,04:27:00,267.0,False,2026-04-19,8,MAA → CCU,486
AI202,Air India,HYD,BLR,2026-04-19 08:44:41.703,2026-04-19 10:53:41.703,02:09:00,129.0,False,2026-04-19,8,HYD → BLR,487
SJ039,SpiceJet,MAA,BOM,2026-04-19 08:41:41.701,2026-04-19 12:08:41.701,03:27:00,207.0,False,2026-04-19,8,MAA → BOM,488
SJ051,SpiceJet,BOM,BLR,2026-04-19 08:40:41.701,2026-04-19 12:18:41.701,03:38:00,218.0,False,2026-04-19,8,BOM → BLR,489
UK024,Vistara,MAA,BLR,2026-04-19 08:29:41.701,2026-04-19 13:29:41.701,05:00:00,300.0,False,2026-04-19,8,MAA → BLR,490
SJ006,SpiceJet,HYD,BLR,2026-04-19 08:25:41.701,2026-04-19 08:57:41.701,00:32:00,32.0,False,2026-04-19,8,HYD → BLR,491
AI207,Air India,BOM,MAA,2026-04-19 08:24:41.703,2026-04-19 11:23:41.703,02:59:00,179.0,False,2026-04-19,8,BOM → MAA,492
SJ168,SpiceJet,CCU,BOM,2026-04-19 08:17:41.703,2026-04-19 12:29:41.703,04:12:00,252.0,False,2026-04-19,8,CCU → BOM,493
AI028,Air India,HYD,BOM,2026-04-19 07:53:41.701,2026-04-19 08:35:41.701,00:42:00,42.0,False,2026-04-19,7,HYD → BOM,494
6F094,IndiGo,BLR,BOM,2026-04-19 07:37:41.702,2026-04-19 09:06:41.702,01:29:00,89.0,False,2026-04-19,7,BLR → BOM,495
6F024,IndiGo,BOM,DEL,2026-04-19 07:31:41.701,2026-04-19 11:17:41.701,03:46:00,226.0,False,2026-04-19,7,BOM → DEL,496
6F061,IndiGo,MAA,BOM,2026-04-19 07:28:41.701,2026-04-19 08:09:41.701,00:41:00,41.0,False,2026-04-19,7,MAA → BOM,497
AI032,Air India,MAA,BLR,2026-04-19 07:26:41.701,2026-04-19 09:26:42.000,02:00:00.299000,120.00498333333333,False,2026-04-19,7,MAA → BLR,498
UK163,Vistara,DEL,HYD,2026-04-19 07:22:41.703,2026-04-19 09:04:41.703,01:42:00,102.0,False,2026-04-19,7,DEL → HYD,499
SJ067,SpiceJet,MAA,BLR,2026-04-19 07:17:41.701,2026-04-19 08:16:41.701,00:59:00,59.0,False,2026-04-19,7,MAA → BLR,500
SJ106,SpiceJet,CCU,DEL,2026-04-19 07:16:41.702,2026-04-19 09:40:41.702,02:24:00,144.0,False,2026-04-19,7,CCU → DEL,501
AI086,Air India,CCU,HYD,2026-04-19 07:13:41.702,2026-04-19 10:09:41.702,02:56:00,176.0,False,2026-04-19,7,CCU → HYD,502
6F263,IndiGo,DEL,HYD,2026-04-19 07:07:41.703,2026-04-19 08:30:41.703,01:23:00,83.0,False,2026-04-19,7,DEL → HYD,503
6F163,IndiGo,MAA,BOM,2026-04-19 06:49:41.703,2026-04-19 10:46:41.703,03:57:00,237.0,False,2026-04-19,6,MAA → BOM,504
SJ064,SpiceJet,CCU,DEL,2026-04-19 06:29:41.701,2026-04-19 08:43:41.701,02:14:00,134.0,False,2026-04-19,6,CCU → DEL,505
UK118,Vistara,HYD,BLR,2026-04-19 06:22:41.702,2026-04-19 07:22:42.000,01:00:00.298000,60.00496666666666,False,2026-04-19,6,HYD → BLR,506
UK022,Vistara,DEL,HYD,2026-04-19 06:22:41.701,2026-04-19 10:59:41.701,04:37:00,277.0,False,2026-04-19,6,DEL → HYD,507
UK099,Vistara,BOM,MAA,2026-04-19 06:16:41.702,2026-04-19 10:24:41.702,04:08:00,248.0,False,2026-04-19,6,BOM → MAA,508
6F212,IndiGo,BLR,CCU,2026-04-19 06:10:41.703,2026-04-19 10:52:41.703,04:42:00,282.0,False,2026-04-19,6,BLR → CCU,509
AI023,Air India,HYD,BLR,2026-04-19 06:10:41.701,2026-04-19 09:35:41.701,03:25:00,205.0,False,2026-04-19,6,HYD → BLR,510
SJ245,SpiceJet,BOM,DEL,2026-04-19 06:07:41.704,2026-04-19 09:39:41.704,03:32:00,212.0,False,2026-04-19,6,BOM → DEL,511
6F066,IndiGo,BLR,HYD,2026-04-19 06:07:41.701,2026-04-19 07:43:41.701,01:36:00,96.0,False,2026-04-19,6,BLR → HYD,512
AI138,Air India,DEL,CCU,2026-04-19 05:50:41.702,2026-04-19 06:40:41.702,00:50:00,50.0,False,2026-04-19,5,DEL → CCU,513
SJ021,SpiceJet,HYD,BLR,2026-04-19 05:48:41.701,2026-04-19 09:46:41.701,03:58:00,238.0,False,2026-04-19,5,HYD → BLR,514
SJ136,SpiceJet,HYD,BLR,2026-04-19 05:45:41.702,2026-04-19 08:04:41.702,02:19:00,139.0,False,2026-04-19,5,HYD → BLR,515
AI148,Air India,HYD,MAA,2026-04-19 05:41:41.703,2026-04-19 08:32:41.703,02:51:00,171.0,False,2026-04-19,5,HYD → MAA,516
SJ014,SpiceJet,BOM,HYD,2026-04-19 05:40:41.701,2026-04-19 06:39:41.701,00:59:00,59.0,False,2026-04-19,5,BOM → HYD,517
6F104,IndiGo,CCU,BOM,2026-04-19 05:39:41.702,2026-04-19 06:14:41.702,00:35:00,35.0,False,2026-04-19,5,CCU → BOM,518
SJ121,SpiceJet,CCU,DEL,2026-04-19 05:32:41.702,2026-04-19 06:47:41.702,01:15:00,75.0,False,2026-04-19,5,CCU → DEL,519
UK174,Vistara,CCU,DEL,2026-04-19 05:27:41.703,2026-04-19 07:47:41.703,02:20:00,140.0,False,2026-04-19,5,CCU → DEL,520
AI033,Air India,MAA,CCU,2026-04-19 05:25:41.701,2026-04-19 10:21:41.701,04:56:00,296.0,False,2026-04-19,5,MAA → CCU,521
SJ122,SpiceJet,CCU,BOM,2026-04-19 05:22:41.702,2026-04-19 10:09:41.702,04:47:00,287.0,False,2026-04-19,5,CCU → BOM,522
UK095,Vistara,BOM,MAA,2026-04-19 05:22:41.702,2026-04-19 07:36:41.702,02:14:00,134.0,False,2026-04-19,5,BOM → MAA,523
SJ026,SpiceJet,CCU,MAA,2026-04-19 05:22:41.701,2026-04-19 09:40:41.701,04:18:00,258.0,False,2026-04-19,5,CCU → MAA,524
6F221,IndiGo,MAA,DEL,2026-04-19 05:20:41.704,2026-04-19 08:52:41.704,03:32:00,212.0,False,2026-04-19,5,MAA → DEL,525
SJ103,SpiceJet,MAA,BLR,2026-04-19 05:16:41.702,2026-04-19 08:56:41.702,03:40:00,220.0,False,2026-04-19,5,MAA → BLR,526
SJ011,SpiceJet,BOM,MAA,2026-04-19 05:14:41.701,2026-04-19 09:59:41.701,04:45:00,285.0,False,2026-04-19,5,BOM → MAA,527
AI002,Air India,HYD,BLR,2026-04-19 05:12:41.700,2026-04-19 07:12:41.700,02:00:00,120.0,False,2026-04-19,5,HYD → BLR,528
AI046,Air India,DEL,BOM,2026-04-19 05:09:41.701,2026-04-19 08:00:41.701,02:51:00,171.0,False,2026-04-19,5,DEL → BOM,529
SJ053,SpiceJet,CCU,DEL,2026-04-19 05:00:41.701,2026-04-19 06:38:41.701,01:38:00,98.0,False,2026-04-19,5,CCU → DEL,530
AI236,Air India,DEL,BOM,2026-04-19 04:52:41.704,2026-04-19 09:11:41.704,04:19:00,259.0,False,2026-04-19,4,DEL → BOM,531
AI254,Air India,CCU,HYD,2026-04-19 04:46:41.704,2026-04-19 08:06:41.704,03:20:00,200.0,False,2026-04-19,4,CCU → HYD,532
6F063,IndiGo,DEL,HYD,2026-04-19 04:42:41.701,2026-04-19 07:31:41.701,02:49:00,169.0,False,2026-04-19,4,DEL → HYD,533
6F115,IndiGo,MAA,BLR,2026-04-19 04:41:41.702,2026-04-19 06:23:41.702,01:42:00,102.0,False,2026-04-19,4,MAA → BLR,534
UK070,Vistara,BOM,DEL,2026-04-19 04:36:41.701,2026-04-19 06:49:41.701,02:13:00,133.0,False,2026-04-19,4,BOM → DEL,535
SJ147,SpiceJet,BLR,CCU,2026-04-19 04:30:41.702,2026-04-19 08:52:41.702,04:22:00,262.0,False,2026-04-19,4,BLR → CCU,536
UK201,Vistara,HYD,BOM,2026-04-19 04:29:41.703,2026-04-19 06:42:41.703,02:13:00,133.0,False,2026-04-19,4,HYD → BOM,537
SJ234,SpiceJet,BLR,CCU,2026-04-19 04:20:41.704,2026-04-19 06:23:41.704,02:03:00,123.0,False,2026-04-19,4,BLR → CCU,538
AI176,Air India,BLR,DEL,2026-04-19 04:20:41.703,2026-04-19 06:25:41.703,02:05:00,125.0,False,2026-04-19,4,BLR → DEL,539
SJ045,SpiceJet,DEL,MAA,2026-04-19 04:16:41.701,2026-04-19 09:03:41.701,04:47:00,287.0,False,2026-04-19,4,DEL → MAA,540
SJ174,SpiceJet,CCU,DEL,2026-04-19 04:09:41.703,2026-04-19 05:04:41.703,00:55:00,55.0,False,2026-04-19,4,CCU → DEL,541
AI007,Air India,MAA,DEL,2026-04-19 04:01:41.701,2026-04-19 06:01:42.000,02:00:00.299000,120.00498333333333,False,2026-04-19,4,MAA → DEL,542
AI143,Air India,CCU,DEL,2026-04-19 03:58:41.702,2026-04-19 04:36:41.702,00:38:00,38.0,False,2026-04-19,3,CCU → DEL,543
SJ241,SpiceJet,DEL,HYD,2026-04-19 03:57:41.704,2026-04-19 06:36:41.704,02:39:00,159.0,False,2026-04-19,3,DEL → HYD,544
AI020,Air India,BOM,BLR,2026-04-19 03:53:41.701,2026-04-19 06:21:41.701,02:28:00,148.0,False,2026-04-19,3,BOM → BLR,545
UK031,Vistara,CCU,DEL,2026-04-19 03:45:41.701,2026-04-19 07:20:41.701,03:35:00,215.0,False,2026-04-19,3,CCU → DEL,546
AI013,Air India,HYD,BLR,2026-04-19 03:41:41.701,2026-04-19 04:58:41.701,01:17:00,77.0,False,2026-04-19,3,HYD → BLR,547
AI249,Air India,BLR,HYD,2026-04-19 03:38:41.704,2026-04-19 06:27:41.704,02:49:00,169.0,False,2026-04-19,3,BLR → HYD,548
UK046,Vistara,CCU,DEL,2026-04-19 03:37:41.701,2026-04-19 06:05:41.701,02:28:00,148.0,False,2026-04-19,3,CCU → DEL,549
UK168,Vistara,BLR,CCU,2026-04-19 03:20:41.703,2026-04-19 04:09:41.703,00:49:00,49.0,False,2026-04-19,3,BLR → CCU,550
AI022,Air India,BOM,MAA,2026-04-19 03:15:41.701,2026-04-19 05:10:41.701,01:55:00,115.0,False,2026-04-19,3,BOM → MAA,551
UK218,Vistara,MAA,BLR,2026-04-19 03:12:41.704,2026-04-19 07:22:41.704,04:10:00,250.0,False,2026-04-19,3,MAA → BLR,552
UK142,Vistara,BLR,DEL,2026-04-19 03:03:41.703,2026-04-19 07:13:41.703,04:10:00,250.0,False,2026-04-19,3,BLR → DEL,553
6F067,IndiGo,MAA,BLR,2026-04-19 02:59:41.701,2026-04-19 06:02:41.701,03:03:00,183.0,False,2026-04-19,2,MAA → BLR,554
SJ217,SpiceJet,BOM,CCU,2026-04-19 02:57:41.703,2026-04-19 06:04:41.703,03:07:00,187.0,False,2026-04-19,2,BOM → CCU,555
SJ143,SpiceJet,DEL,BOM,2026-04-19 02:55:41.702,2026-04-19 03:52:41.702,00:57:00,57.0,False,2026-04-19,2,DEL → BOM,556
AI243,Air India,BLR,BOM,2026-04-19 02:50:41.704,2026-04-19 05:09:41.704,02:19:00,139.0,False,2026-04-19,2,BLR → BOM,557
SJ246,SpiceJet,BOM,DEL,2026-04-19 02:47:41.704,2026-04-19 03:47:42.000,01:00:00.296000,60.004933333333334,False,2026-04-19,2,BOM → DEL,558
6F170,IndiGo,HYD,DEL,2026-04-19 02:44:41.703,2026-04-19 04:14:41.703,01:30:00,90.0,False,2026-04-19,2,HYD → DEL,559
UK157,Vistara,CCU,BOM,2026-04-19 02:41:41.703,2026-04-19 03:41:42.000,01:00:00.297000,60.00495,False,2026-04-19,2,CCU → BOM,560
UK172,Vistara,DEL,BOM,2026-04-19 02:20:41.703,2026-04-19 05:21:41.703,03:01:00,181.0,False,2026-04-19,2,DEL → BOM,561
SJ139,SpiceJet,DEL,BLR,2026-04-19 02:20:41.702,2026-04-19 06:02:41.702,03:42:00,222.0,False,2026-04-19,2,DEL → BLR,562
UK085,Vistara,MAA,DEL,2026-04-19 02:15:41.702,2026-04-19 03:17:41.702,01:02:00,62.0,False,2026-04-19,2,MAA → DEL,563
6F079,IndiGo,MAA,HYD,2026-04-19 02:14:41.702,2026-04-19 06:18:41.702,04:04:00,244.0,False,2026-04-19,2,MAA → HYD,564
SJ032,SpiceJet,MAA,BOM,2026-04-19 02:11:41.701,2026-04-19 04:33:41.701,02:22:00,142.0,False,2026-04-19,2,MAA → BOM,565
6F182,IndiGo,BOM,CCU,2026-04-19 02:10:41.703,2026-04-19 04:18:41.703,02:08:00,128.0,False,2026-04-19,2,BOM → CCU,566
AI106,Air India,HYD,BLR,2026-04-19 02:07:41.702,2026-04-19 03:20:41.702,01:13:00,73.0,False,2026-04-19,2,HYD → BLR,567
AI200,Air India,HYD,MAA,2026-04-19 02:05:41.703,2026-04-19 05:29:41.703,03:24:00,204.0,False,2026-04-19,2,HYD → MAA,568
6F142,IndiGo,CCU,MAA,2026-04-19 02:05:41.702,2026-04-19 06:04:41.702,03:59:00,239.0,False,2026-04-19,2,CCU → MAA,569
SJ079,SpiceJet,HYD,DEL,2026-04-19 01:58:41.702,2026-04-19 05:02:41.702,03:04:00,184.0,False,2026-04-19,1,HYD → DEL,570
SJ082,SpiceJet,BOM,DEL,2026-04-19 01:54:41.702,2026-04-19 02:33:41.702,00:39:00,39.0,False,2026-04-19,1,BOM → DEL,571
SJ110,SpiceJet,CCU,DEL,2026-04-19 01:47:41.702,2026-04-19 02:20:41.702,00:33:00,33.0,False,2026-04-19,1,CCU → DEL,572
6F262,IndiGo,MAA,DEL,2026-04-19 01:44:41.702,2026-04-19 02:47:41.702,01:03:00,63.0,False,2026-04-19,1,MAA → DEL,573
UK143,Vistara,BLR,BOM,2026-04-19 01:34:41.703,2026-04-19 02:48:41.703,01:14:00,74.0,False,2026-04-19,1,BLR → BOM,574
6F269,IndiGo,HYD,MAA,2026-04-19 01:30:41.702,2026-04-19 02:52:41.702,01:22:00,82.0,False,2026-04-19,1,HYD → MAA,575
6F214,IndiGo,BOM,CCU,2026-04-19 01:21:41.703,2026-04-19 05:20:41.703,03:59:00,239.0,False,2026-04-19,1,BOM → CCU,576
SJ213,SpiceJet,BOM,CCU,2026-04-19 01:19:41.703,2026-04-19 04:48:41.703,03:29:00,209.0,False,2026-04-19,1,BOM → CCU,577
SJ072,SpiceJet,DEL,HYD,2026-04-19 01:18:41.701,2026-04-19 04:08:41.701,02:50:00,170.0,False,2026-04-19,1,DEL → HYD,578
6F059,IndiGo,BOM,DEL,2026-04-19 01:12:41.701,2026-04-19 06:02:41.701,04:50:00,290.0,False,2026-04-19,1,BOM → DEL,579
UK202,Vistara,DEL,HYD,2026-04-19 01:11:41.703,2026-04-19 05:37:41.703,04:26:00,266.0,False,2026-04-19,1,DEL → HYD,580
UK037,Vistara,BLR,BOM,2026-04-19 01:10:41.701,2026-04-19 05:12:41.701,04:02:00,242.0,False,2026-04-19,1,BLR → BOM,581
UK069,Vistara,CCU,DEL,2026-04-19 01:10:41.701,2026-04-19 03:23:41.701,02:13:00,133.0,False,2026-04-19,1,CCU → DEL,582
SJ118,SpiceJet,DEL,BOM,2026-04-19 01:08:41.702,2026-04-19 02:33:41.702,01:25:00,85.0,False,2026-04-19,1,DEL → BOM,583
6F145,IndiGo,CCU,DEL,2026-04-19 01:02:41.703,2026-04-19 02:18:41.703,01:16:00,76.0,False,2026-04-19,1,CCU → DEL,584
UK097,Vistara,HYD,BOM,2026-04-19 00:49:41.702,2026-04-19 05:00:41.702,04:11:00,251.0,False,2026-04-19,0,HYD → BOM,585
6F117,IndiGo,CCU,DEL,2026-04-19 00:46:41.702,2026-04-19 01:51:41.702,01:05:00,65.0,False,2026-04-19,0,CCU → DEL,586
6F226,IndiGo,DEL,BOM,2026-04-19 00:38:41.704,2026-04-19 02:55:41.704,02:17:00,137.0,False,2026-04-19,0,DEL → BOM,587
6F050,IndiGo,DEL,BOM,2026-04-19 00:35:41.701,2026-04-19 04:32:41.701,03:57:00,237.0,False,2026-04-19,0,DEL → BOM,588
UK196,Vistara,BOM,HYD,2026-04-19 00:32:41.703,2026-04-19 04:49:41.703,04:17:00,257.0,False,2026-04-19,0,BOM → HYD,589
SJ086,SpiceJet,CCU,DEL,2026-04-19 00:32:41.702,2026-04-19 04:17:41.702,03:45:00,225.0,False,2026-04-19,0,CCU → DEL,590
AI134,Air India,HYD,BOM,2026-04-19 00:28:41.702,2026-04-19 04:23:41.702,03:55:00,235.0,False,2026-04-19,0,HYD → BOM,591
AI043,Air India,CCU,DEL,2026-04-19 00:28:41.701,2026-04-19 04:37:41.701,04:09:00,249.0,False,2026-04-19,0,CCU → DEL,592
UK119,Vistara,BOM,CCU,2026-04-19 00:21:41.702,2026-04-19 04:38:41.702,04:17:00,257.0,False,2026-04-19,0,BOM → CCU,593
SJ181,SpiceJet,BOM,BLR,2026-04-19 00:20:41.703,2026-04-19 01:49:41.703,01:29:00,89.0,False,2026-04-19,0,BOM → BLR,594
AI070,Air India,CCU,DEL,2026-04-19 00:05:41.702,2026-04-19 01:44:41.702,01:39:00,99.0,False,2026-04-19,0,CCU → DEL,595
6F233,IndiGo,BLR,BOM,2026-04-18 23:56:41.704,2026-04-19 03:53:41.704,03:57:00,237.0,True,2026-04-18,23,BLR → BOM,596
UK013,Vistara,BOM,MAA,2026-04-18 23:52:41.701,2026-04-19 02:52:41.701,03:00:00,180.0,True,2026-04-18,23,BOM → MAA,597
6F015,IndiGo,BOM,CCU,2026-04-18 23:39:41.701,2026-04-19 02:27:41.701,02:48:00,168.0,True,2026-04-18,23,BOM → CCU,598
SJ247,SpiceJet,DEL,BOM,2026-04-18 23:38:41.704,2026-04-19 03:43:41.704,04:05:00,245.0,True,2026-04-18,23,DEL → BOM,599
AI067,Air India,HYD,DEL,2026-04-18 23:36:41.701,2026-04-19 03:09:41.701,03:33:00,213.0,True,2026-04-18,23,HYD → DEL,600
AI211,Air India,DEL,CCU,2026-04-18 23:34:41.703,2026-04-19 01:21:41.703,01:47:00,107.0,True,2026-04-18,23,DEL → CCU,601
UK029,Vistara,DEL,BOM,2026-04-18 23:26:41.701,2026-04-19 02:15:41.701,02:49:00,169.0,True,2026-04-18,23,DEL → BOM,602
SJ200,SpiceJet,BOM,DEL,2026-04-18 23:24:41.703,2026-04-19 02:11:41.703,02:47:00,167.0,True,2026-04-18,23,BOM → DEL,603
6F087,IndiGo,DEL,HYD,2026-04-18 23:24:41.702,2026-04-19 03:10:41.702,03:46:00,226.0,True,2026-04-18,23,DEL → HYD,604
SJ210,SpiceJet,HYD,CCU,2026-04-18 23:21:41.703,2026-04-19 02:54:41.703,03:33:00,213.0,True,2026-04-18,23,HYD → CCU,605
AI101,Air India,DEL,BLR,2026-04-18 23:20:41.702,2026-04-19 02:23:41.702,03:03:00,183.0,True,2026-04-18,23,DEL → BLR,606
UK075,Vistara,MAA,CCU,2026-04-18 23:15:41.702,2026-04-19 03:54:41.702,04:39:00,279.0,True,2026-04-18,23,MAA → CCU,607
SJ091,SpiceJet,BLR,CCU,2026-04-18 23:10:41.702,2026-04-19 00:47:41.702,01:37:00,97.0,True,2026-04-18,23,BLR → CCU,608
AI251,Air India,MAA,DEL,2026-04-18 22:40:41.704,2026-04-18 23:24:41.704,00:44:00,44.0,False,2026-04-18,22,MAA → DEL,609
SJ042,SpiceJet,HYD,CCU,2026-04-18 22:38:41.701,2026-04-19 02:20:41.701,03:42:00,222.0,True,2026-04-18,22,HYD → CCU,610
UK126,Vistara,CCU,DEL,2026-04-18 22:37:41.702,2026-04-19 00:03:41.702,01:26:00,86.0,True,2026-04-18,22,CCU → DEL,611
6F042,IndiGo,HYD,DEL,2026-04-18 22:35:41.701,2026-04-19 02:41:41.701,04:06:00,246.0,True,2026-04-18,22,HYD → DEL,612
AI116,Air India,CCU,BOM,2026-04-18 22:30:41.702,2026-04-19 01:57:41.702,03:27:00,207.0,True,2026-04-18,22,CCU → BOM,613
SJ209,SpiceJet,BLR,BOM,2026-04-18 22:22:41.703,2026-04-19 02:03:41.703,03:41:00,221.0,True,2026-04-18,22,BLR → BOM,614
AI123,Air India,MAA,BOM,2026-04-18 22:19:41.702,2026-04-19 00:45:41.702,02:26:00,146.0,True,2026-04-18,22,MAA → BOM,615
6F016,IndiGo,HYD,BOM,2026-04-18 22:18:41.701,2026-04-18 22:54:41.701,00:36:00,36.0,False,2026-04-18,22,HYD → BOM,616
UK012,Vistara,MAA,BOM,2026-04-18 22:16:41.701,2026-04-19 00:25:41.701,02:09:00,129.0,True,2026-04-18,22,MAA → BOM,617
SJ188,SpiceJet,BLR,BOM,2026-04-18 22:15:41.703,2026-04-18 22:55:41.703,00:40:00,40.0,False,2026-04-18,22,BLR → BOM,618
UK096,Vistara,BLR,HYD,2026-04-18 22:11:41.702,2026-04-19 00:06:41.702,01:55:00,115.0,True,2026-04-18,22,BLR → HYD,619
SJ046,SpiceJet,BOM,MAA,2026-04-18 22:01:41.701,2026-04-19 01:25:41.701,03:24:00,204.0,True,2026-04-18,22,BOM → MAA,620
UK081,Vistara,BLR,DEL,2026-04-18 22:00:41.702,2026-04-18 23:00:41.702,01:00:00,60.0,False,2026-04-18,22,BLR → DEL,621
UK191,Vistara,MAA,BLR,2026-04-18 21:51:41.703,2026-04-18 22:57:41.703,01:06:00,66.0,False,2026-04-18,21,MAA → BLR,622
6F064,IndiGo,CCU,DEL,2026-04-18 21:45:41.701,2026-04-18 22:50:41.701,01:05:00,65.0,False,2026-04-18,21,CCU → DEL,623
AI005,Air India,DEL,CCU,2026-04-18 21:24:41.701,2026-04-18 22:11:41.701,00:47:00,47.0,False,2026-04-18,21,DEL → CCU,624
6F021,IndiGo,BLR,MAA,2026-04-18 21:23:41.701,2026-04-19 01:25:41.701,04:02:00,242.0,True,2026-04-18,21,BLR → MAA,625
AI169,Air India,CCU,DEL,2026-04-18 21:21:41.703,2026-04-19 01:34:41.703,04:13:00,253.0,True,2026-04-18,21,CCU → DEL,626
UK035,Vistara,HYD,BOM,2026-04-18 21:08:41.701,2026-04-18 22:24:41.701,01:16:00,76.0,False,2026-04-18,21,HYD → BOM,627
AI040,Air India,HYD,BLR,2026-04-18 21:01:41.701,2026-04-18 22:42:41.701,01:41:00,101.0,False,2026-04-18,21,HYD → BLR,628
UK042,Vistara,MAA,BOM,2026-04-18 20:59:41.701,2026-04-19 01:38:41.701,04:39:00,279.0,True,2026-04-18,20,MAA → BOM,629
SJ171,SpiceJet,DEL,HYD,2026-04-18 20:52:41.703,2026-04-18 23:52:41.703,03:00:00,180.0,False,2026-04-18,20,DEL → HYD,630
AI250,Air India,BOM,CCU,2026-04-18 20:48:41.704,2026-04-19 00:12:41.704,03:24:00,204.0,True,2026-04-18,20,BOM → CCU,631
SJ195,SpiceJet,BOM,CCU,2026-04-18 20:41:41.703,2026-04-18 23:54:41.703,03:13:00,193.0,False,2026-04-18,20,BOM → CCU,632
UK211,Vistara,MAA,CCU,2026-04-18 20:39:41.704,2026-04-18 22:02:41.704,01:23:00,83.0,False,2026-04-18,20,MAA → CCU,633
UK122,Vistara,HYD,CCU,2026-04-18 20:29:42.000,2026-04-18 23:29:42.000,03:00:00,180.0,False,2026-04-18,20,HYD → CCU,634
AI136,Air India,BLR,DEL,2026-04-18 20:29:41.702,2026-04-18 23:48:41.702,03:19:00,199.0,False,2026-04-18,20,BLR → DEL,635
6F141,IndiGo,BOM,CCU,2026-04-18 20:26:41.702,2026-04-18 22:28:41.702,02:02:00,122.0,False,2026-04-18,20,BOM → CCU,636
6F053,IndiGo,DEL,HYD,2026-04-18 20:26:41.701,2026-04-19 00:39:41.701,04:13:00,253.0,True,2026-04-18,20,DEL → HYD,637
6F136,IndiGo,CCU,DEL,2026-04-18 20:24:41.702,2026-04-18 21:01:41.702,00:37:00,37.0,False,2026-04-18,20,CCU → DEL,638
6F009,IndiGo,BLR,CCU,2026-04-18 20:21:41.701,2026-04-18 23:36:41.701,03:15:00,195.0,False,2026-04-18,20,BLR → CCU,639
6F023,IndiGo,MAA,BLR,2026-04-18 20:18:41.701,2026-04-19 00:14:41.701,03:56:00,236.0,True,2026-04-18,20,MAA → BLR,640
UK006,Vistara,MAA,CCU,2026-04-18 20:16:41.701,2026-04-18 21:55:41.701,01:39:00,99.0,False,2026-04-18,20,MAA → CCU,641
SJ165,SpiceJet,CCU,BOM,2026-04-18 20:08:41.703,2026-04-18 23:18:41.703,03:10:00,190.0,False,2026-04-18,20,CCU → BOM,642
6F189,IndiGo,MAA,BLR,2026-04-18 20:08:41.703,2026-04-18 21:51:41.703,01:43:00,103.0,False,2026-04-18,20,MAA → BLR,643
AI131,Air India,MAA,BOM,2026-04-18 19:55:41.702,2026-04-18 22:35:41.702,02:40:00,160.0,False,2026-04-18,19,MAA → BOM,644
6F004,IndiGo,BOM,CCU,2026-04-18 19:53:41.701,2026-04-18 23:33:41.701,03:40:00,220.0,False,2026-04-18,19,BOM → CCU,645
AI027,Air India,BOM,MAA,2026-04-18 19:41:41.701,2026-04-18 23:23:41.701,03:42:00,222.0,False,2026-04-18,19,BOM → MAA,646
AI238,Air India,CCU,MAA,2026-04-18 19:25:41.704,2026-04-19 00:07:41.704,04:42:00,282.0,True,2026-04-18,19,CCU → MAA,647
SJ105,SpiceJet,BOM,HYD,2026-04-18 19:22:41.702,2026-04-18 22:48:41.702,03:26:00,206.0,False,2026-04-18,19,BOM → HYD,648
UK088,Vistara,MAA,BLR,2026-04-18 19:16:41.702,2026-04-18 23:36:41.702,04:20:00,260.0,False,2026-04-18,19,MAA → BLR,649
6F035,IndiGo,CCU,HYD,2026-04-18 19:16:41.701,2026-04-18 23:40:41.701,04:24:00,264.0,False,2026-04-18,19,CCU → HYD,650
AI133,Air India,DEL,CCU,2026-04-18 19:12:41.702,2026-04-18 21:32:41.702,02:20:00,140.0,False,2026-04-18,19,DEL → CCU,651
AI001,Air India,DEL,HYD,2026-04-18 19:00:41.700,2026-04-18 22:03:41.700,03:03:00,183.0,False,2026-04-18,19,DEL → HYD,652
SJ133,SpiceJet,BOM,CCU,2026-04-18 18:50:41.702,2026-04-18 21:29:41.702,02:39:00,159.0,False,2026-04-18,18,BOM → CCU,653
SJ216,SpiceJet,BOM,CCU,2026-04-18 18:35:41.703,2026-04-18 21:31:41.703,02:56:00,176.0,False,2026-04-18,18,BOM → CCU,654
SJ225,SpiceJet,DEL,HYD,2026-04-18 18:16:41.704,2026-04-18 20:53:41.704,02:37:00,157.0,False,2026-04-18,18,DEL → HYD,655
AI147,Air India,HYD,CCU,2026-04-18 18:14:41.703,2026-04-18 20:10:41.703,01:56:00,116.0,False,2026-04-18,18,HYD → CCU,656
SJ054,SpiceJet,MAA,BLR,2026-04-18 18:13:41.701,2026-04-18 22:46:41.701,04:33:00,273.0,False,2026-04-18,18,MAA → BLR,657
6F197,IndiGo,BOM,BLR,2026-04-18 17:59:41.703,2026-04-18 22:44:41.703,04:45:00,285.0,False,2026-04-18,17,BOM → BLR,658
SJ066,SpiceJet,HYD,CCU,2026-04-18 17:47:41.701,2026-04-18 19:03:41.701,01:16:00,76.0,False,2026-04-18,17,HYD → CCU,659
SJ183,SpiceJet,CCU,DEL,2026-04-18 17:44:41.703,2026-04-18 19:40:41.703,01:56:00,116.0,False,2026-04-18,17,CCU → DEL,660
SJ151,SpiceJet,BOM,CCU,2026-04-18 17:44:41.702,2026-04-18 19:16:41.702,01:32:00,92.0,False,2026-04-18,17,BOM → CCU,661
SJ071,SpiceJet,CCU,MAA,2026-04-18 17:43:41.701,2026-04-18 19:32:41.701,01:49:00,109.0,False,2026-04-18,17,CCU → MAA,662
SJ102,SpiceJet,MAA,CCU,2026-04-18 17:26:41.702,2026-04-18 18:58:41.702,01:32:00,92.0,False,2026-04-18,17,MAA → CCU,663
AI209,Air India,BLR,CCU,2026-04-18 17:25:41.703,2026-04-18 18:37:41.703,01:12:00,72.0,False,2026-04-18,17,BLR → CCU,664
6F111,IndiGo,HYD,DEL,2026-04-18 17:09:41.702,2026-04-18 20:02:41.702,02:53:00,173.0,False,2026-04-18,17,HYD → DEL,665
AI050,Air India,BLR,BOM,2026-04-18 17:07:41.701,2026-04-18 19:42:41.701,02:35:00,155.0,False,2026-04-18,17,BLR → BOM,666
SJ189,SpiceJet,HYD,BLR,2026-04-18 17:05:41.703,2026-04-18 22:01:41.703,04:56:00,296.0,False,2026-04-18,17,HYD → BLR,667
UK112,Vistara,CCU,DEL,2026-04-18 17:05:41.702,2026-04-18 19:47:41.702,02:42:00,162.0,False,2026-04-18,17,CCU → DEL,668
6F171,IndiGo,DEL,BLR,2026-04-18 17:03:41.703,2026-04-18 18:12:41.703,01:09:00,69.0,False,2026-04-18,17,DEL → BLR,669
AI011,Air India,CCU,BOM,2026-04-18 16:58:41.701,2026-04-18 21:01:41.701,04:03:00,243.0,False,2026-04-18,16,CCU → BOM,670
6F027,IndiGo,BLR,DEL,2026-04-18 16:52:41.701,2026-04-18 18:21:41.701,01:29:00,89.0,False,2026-04-18,16,BLR → DEL,671
UK082,Vistara,DEL,BOM,2026-04-18 16:50:41.702,2026-04-18 21:21:41.702,04:31:00,271.0,False,2026-04-18,16,DEL → BOM,672
UK138,Vistara,DEL,BLR,2026-04-18 16:47:41.703,2026-04-18 19:36:41.703,02:49:00,169.0,False,2026-04-18,16,DEL → BLR,673
UK198,Vistara,DEL,BLR,2026-04-18 16:43:41.703,2026-04-18 18:18:41.703,01:35:00,95.0,False,2026-04-18,16,DEL → BLR,674
6F039,IndiGo,MAA,CCU,2026-04-18 16:43:41.701,2026-04-18 21:01:41.701,04:18:00,258.0,False,2026-04-18,16,MAA → CCU,675
6F157,IndiGo,MAA,CCU,2026-04-18 16:37:41.703,2026-04-18 18:04:41.703,01:27:00,87.0,False,2026-04-18,16,MAA → CCU,676
SJ024,SpiceJet,DEL,MAA,2026-04-18 16:29:41.701,2026-04-18 20:21:41.701,03:52:00,232.0,False,2026-04-18,16,DEL → MAA,677
6F167,IndiGo,BLR,BOM,2026-04-18 16:26:41.703,2026-04-18 17:50:41.703,01:24:00,84.0,False,2026-04-18,16,BLR → BOM,678
AI197,Air India,BOM,CCU,2026-04-18 16:25:41.703,2026-04-18 20:00:41.703,03:35:00,215.0,False,2026-04-18,16,BOM → CCU,679
SJ211,SpiceJet,MAA,BOM,2026-04-18 16:22:41.703,2026-04-18 18:34:41.703,02:12:00,132.0,False,2026-04-18,16,MAA → BOM,680
6F055,IndiGo,DEL,CCU,2026-04-18 16:21:41.701,2026-04-18 18:49:41.701,02:28:00,148.0,False,2026-04-18,16,DEL → CCU,681
AI253,Air India,BLR,BOM,2026-04-18 16:13:41.704,2026-04-18 19:51:41.704,03:38:00,218.0,False,2026-04-18,16,BLR → BOM,682
UK060,Vistara,BLR,CCU,2026-04-18 16:09:41.701,2026-04-18 19:42:41.701,03:33:00,213.0,False,2026-04-18,16,BLR → CCU,683
6F257,IndiGo,MAA,CCU,2026-04-18 16:04:41.704,2026-04-18 19:55:41.704,03:51:00,231.0,False,2026-04-18,16,MAA → CCU,684
SJ135,SpiceJet,MAA,CCU,2026-04-18 16:03:41.702,2026-04-18 19:48:41.702,03:45:00,225.0,False,2026-04-18,16,MAA → CCU,685
AI247,Air India,BOM,CCU,2026-04-18 15:58:41.704,2026-04-18 19:02:41.704,03:04:00,184.0,False,2026-04-18,15,BOM → CCU,686
UK127,Vistara,BOM,HYD,2026-04-18 15:56:41.702,2026-04-18 20:00:41.702,04:04:00,244.0,False,2026-04-18,15,BOM → HYD,687
AI109,Air India,BLR,BOM,2026-04-18 15:53:41.702,2026-04-18 20:14:41.702,04:21:00,261.0,False,2026-04-18,15,BLR → BOM,688
AI057,Air India,BOM,CCU,2026-04-18 15:53:41.701,2026-04-18 19:22:41.701,03:29:00,209.0,False,2026-04-18,15,BOM → CCU,689
6F103,IndiGo,CCU,MAA,2026-04-18 15:37:41.702,2026-04-18 18:32:41.702,02:55:00,175.0,False,2026-04-18,15,CCU → MAA,690
SJ144,SpiceJet,BLR,BOM,2026-04-18 15:35:41.702,2026-04-18 19:12:41.702,03:37:00,217.0,False,2026-04-18,15,BLR → BOM,691
6F076,IndiGo,CCU,HYD,2026-04-18 15:35:41.702,2026-04-18 16:20:41.702,00:45:00,45.0,False,2026-04-18,15,CCU → HYD,692
6F240,IndiGo,DEL,HYD,2026-04-18 15:31:41.704,2026-04-18 19:56:41.704,04:25:00,265.0,False,2026-04-18,15,DEL → HYD,693
UK057,Vistara,CCU,DEL,2026-04-18 15:25:41.701,2026-04-18 20:04:41.701,04:39:00,279.0,False,2026-04-18,15,CCU → DEL,694
AI201,Air India,BLR,CCU,2026-04-18 15:19:41.703,2026-04-18 16:40:41.703,01:21:00,81.0,False,2026-04-18,15,BLR → CCU,695
SJ242,SpiceJet,BLR,HYD,2026-04-18 14:55:41.704,2026-04-18 17:42:41.704,02:47:00,167.0,False,2026-04-18,14,BLR → HYD,696
6F037,IndiGo,BOM,MAA,2026-04-18 14:51:41.701,2026-04-18 17:23:41.701,02:32:00,152.0,False,2026-04-18,14,BOM → MAA,697
SJ132,SpiceJet,MAA,DEL,2026-04-18 14:44:41.702,2026-04-18 15:36:41.702,00:52:00,52.0,False,2026-04-18,14,MAA → DEL,698
AI055,Air India,CCU,BOM,2026-04-18 14:39:41.701,2026-04-18 16:18:41.701,01:39:00,99.0,False,2026-04-18,14,CCU → BOM,699
6F252,IndiGo,MAA,BLR,2026-04-18 14:25:41.701,2026-04-18 18:52:41.701,04:27:00,267.0,False,2026-04-18,14,MAA → BLR,700
AI183,Air India,DEL,CCU,2026-04-18 14:24:41.703,2026-04-18 16:06:41.703,01:42:00,102.0,False,2026-04-18,14,DEL → CCU,701
SJ125,SpiceJet,DEL,BLR,2026-04-18 14:21:41.702,2026-04-18 16:55:41.702,02:34:00,154.0,False,2026-04-18,14,DEL → BLR,702
SJ087,SpiceJet,BOM,DEL,2026-04-18 14:20:41.702,2026-04-18 19:09:41.702,04:49:00,289.0,False,2026-04-18,14,BOM → DEL,703
UK182,Vistara,HYD,CCU,2026-04-18 14:19:41.703,2026-04-18 18:25:41.703,04:06:00,246.0,False,2026-04-18,14,HYD → CCU,704
AI016,Air India,BOM,CCU,2026-04-18 14:15:41.701,2026-04-18 18:38:41.701,04:23:00,263.0,False,2026-04-18,14,BOM → CCU,705
6F107,IndiGo,CCU,BLR,2026-04-18 14:14:41.702,2026-04-18 17:14:42.000,03:00:00.298000,180.0049666666667,False,2026-04-18,14,CCU → BLR,706
AI026,Air India,DEL,BOM,2026-04-18 14:14:41.701,2026-04-18 15:13:41.701,00:59:00,59.0,False,2026-04-18,14,DEL → BOM,707
AI177,Air India,CCU,HYD,2026-04-18 14:11:41.703,2026-04-18 16:26:41.703,02:15:00,135.0,False,2026-04-18,14,CCU → HYD,708
AI041,Air India,BOM,BLR,2026-04-18 14:08:41.701,2026-04-18 15:59:41.701,01:51:00,111.0,False,2026-04-18,14,BOM → BLR,709
6F264,IndiGo,DEL,HYD,2026-04-18 14:03:41.701,2026-04-18 18:23:41.701,04:20:00,260.0,False,2026-04-18,14,DEL → HYD,710
6F222,IndiGo,HYD,MAA,2026-04-18 14:01:41.704,2026-04-18 16:11:41.704,02:10:00,130.0,False,2026-04-18,14,HYD → MAA,711
AI004,Air India,HYD,MAA,2026-04-18 13:58:41.701,2026-04-18 18:12:41.701,04:14:00,254.0,False,2026-04-18,13,HYD → MAA,712
SJ126,SpiceJet,DEL,BLR,2026-04-18 13:47:41.702,2026-04-18 16:31:41.702,02:44:00,164.0,False,2026-04-18,13,DEL → BLR,713
SJ220,SpiceJet,BOM,CCU,2026-04-18 13:45:41.703,2026-04-18 15:21:41.703,01:36:00,96.0,False,2026-04-18,13,BOM → CCU,714
AI204,Air India,CCU,MAA,2026-04-18 13:40:41.703,2026-04-18 18:38:41.703,04:58:00,298.0,False,2026-04-18,13,CCU → MAA,715
UK098,Vistara,CCU,DEL,2026-04-18 13:38:41.702,2026-04-18 17:54:41.702,04:16:00,256.0,False,2026-04-18,13,CCU → DEL,716
AI090,Air India,MAA,CCU,2026-04-18 13:37:41.702,2026-04-18 16:11:41.702,02:34:00,154.0,False,2026-04-18,13,MAA → CCU,717
AI092,Air India,CCU,BOM,2026-04-18 13:36:41.702,2026-04-18 16:20:41.702,02:44:00,164.0,False,2026-04-18,13,CCU → BOM,718
AI049,Air India,CCU,MAA,2026-04-18 13:35:41.701,2026-04-18 15:48:41.701,02:13:00,133.0,False,2026-04-18,13,CCU → MAA,719
UK117,Vistara,BLR,BOM,2026-04-18 13:17:41.702,2026-04-18 16:54:41.702,03:37:00,217.0,False,2026-04-18,13,BLR → BOM,720
6F227,IndiGo,MAA,BOM,2026-04-18 13:16:41.704,2026-04-18 17:41:41.704,04:25:00,265.0,False,2026-04-18,13,MAA → BOM,721
AI228,Air India,BLR,BOM,2026-04-18 13:16:41.703,2026-04-18 17:44:41.703,04:28:00,268.0,False,2026-04-18,13,BLR → BOM,722
SJ164,SpiceJet,CCU,MAA,2026-04-18 13:14:41.703,2026-04-18 15:14:42.000,02:00:00.297000,120.00495,False,2026-04-18,13,CCU → MAA,723
AI018,Air India,BOM,CCU,2026-04-18 13:12:41.701,2026-04-18 18:04:41.701,04:52:00,292.0,False,2026-04-18,13,BOM → CCU,724
UK192,Vistara,HYD,DEL,2026-04-18 12:54:41.703,2026-04-18 13:54:42.000,01:00:00.297000,60.00495,False,2026-04-18,12,HYD → DEL,725
SJ224,SpiceJet,DEL,MAA,2026-04-18 12:41:41.703,2026-04-18 15:33:41.703,02:52:00,172.0,False,2026-04-18,12,DEL → MAA,726
UK050,Vistara,BOM,DEL,2026-04-18 12:39:41.701,2026-04-18 13:18:41.701,00:39:00,39.0,False,2026-04-18,12,BOM → DEL,727
SJ159,SpiceJet,CCU,DEL,2026-04-18 12:22:41.703,2026-04-18 14:05:41.703,01:43:00,103.0,False,2026-04-18,12,CCU → DEL,728
UK038,Vistara,MAA,CCU,2026-04-18 12:22:41.701,2026-04-18 15:31:41.701,03:09:00,189.0,False,2026-04-18,12,MAA → CCU,729
6F192,IndiGo,CCU,BLR,2026-04-18 12:20:41.703,2026-04-18 16:45:41.703,04:25:00,265.0,False,2026-04-18,12,CCU → BLR,730
6F173,IndiGo,BOM,CCU,2026-04-18 12:19:41.703,2026-04-18 13:08:41.703,00:49:00,49.0,False,2026-04-18,12,BOM → CCU,731
AI185,Air India,CCU,BOM,2026-04-18 12:16:41.703,2026-04-18 16:18:41.703,04:02:00,242.0,False,2026-04-18,12,CCU → BOM,732
SJ152,SpiceJet,BOM,DEL,2026-04-18 12:09:41.702,2026-04-18 13:50:41.702,01:41:00,101.0,False,2026-04-18,12,BOM → DEL,733
AI215,Air India,BLR,DEL,2026-04-18 12:07:41.703,2026-04-18 13:43:41.703,01:36:00,96.0,False,2026-04-18,12,BLR → DEL,734
AI074,Air India,CCU,BOM,2026-04-18 12:03:41.702,2026-04-18 12:50:41.702,00:47:00,47.0,False,2026-04-18,12,CCU → BOM,735
6F109,IndiGo,BLR,BOM,2026-04-18 12:00:41.702,2026-04-18 12:51:41.702,00:51:00,51.0,False,2026-04-18,12,BLR → BOM,736
6F144,IndiGo,HYD,BOM,2026-04-18 11:56:41.702,2026-04-18 15:11:41.702,03:15:00,195.0,False,2026-04-18,11,HYD → BOM,737
6F210,IndiGo,HYD,DEL,2026-04-18 11:51:41.703,2026-04-18 15:58:41.703,04:07:00,247.0,False,2026-04-18,11,HYD → DEL,738
SJ111,SpiceJet,DEL,MAA,2026-04-18 11:47:41.702,2026-04-18 12:59:41.702,01:12:00,72.0,False,2026-04-18,11,DEL → MAA,739
UK092,Vistara,MAA,BLR,2026-04-18 11:42:41.702,2026-04-18 13:17:41.702,01:35:00,95.0,False,2026-04-18,11,MAA → BLR,740
UK009,Vistara,BOM,DEL,2026-04-18 11:34:41.701,2026-04-18 13:41:41.701,02:07:00,127.0,False,2026-04-18,11,BOM → DEL,741
AI170,Air India,HYD,DEL,2026-04-18 11:27:41.703,2026-04-18 15:50:41.703,04:23:00,263.0,False,2026-04-18,11,HYD → DEL,742
6F154,IndiGo,CCU,DEL,2026-04-18 11:26:41.703,2026-04-18 12:23:41.703,00:57:00,57.0,False,2026-04-18,11,CCU → DEL,743
6F161,IndiGo,MAA,DEL,2026-04-18 11:24:41.703,2026-04-18 12:21:41.703,00:57:00,57.0,False,2026-04-18,11,MAA → DEL,744
UK128,Vistara,BOM,CCU,2026-04-18 11:22:41.702,2026-04-18 14:11:41.702,02:49:00,169.0,False,2026-04-18,11,BOM → CCU,745
AI186,Air India,DEL,BOM,2026-04-18 11:11:41.703,2026-04-18 13:05:41.703,01:54:00,114.0,False,2026-04-18,11,DEL → BOM,746
AI099,Air India,BLR,BOM,2026-04-18 11:07:41.702,2026-04-18 13:29:41.702,02:22:00,142.0,False,2026-04-18,11,BLR → BOM,747
6F203,IndiGo,BLR,HYD,2026-04-18 11:05:41.703,2026-04-18 12:56:41.703,01:51:00,111.0,False,2026-04-18,11,BLR → HYD,748
UK139,Vistara,BLR,MAA,2026-04-18 10:54:41.703,2026-04-18 14:31:41.703,03:37:00,217.0,False,2026-04-18,10,BLR → MAA,749
SJ008,SpiceJet,HYD,BLR,2026-04-18 10:53:41.701,2026-04-18 15:48:41.701,04:55:00,295.0,False,2026-04-18,10,HYD → BLR,750
AI171,Air India,MAA,BLR,2026-04-18 10:51:41.703,2026-04-18 13:34:41.703,02:43:00,163.0,False,2026-04-18,10,MAA → BLR,751
6F124,IndiGo,BLR,BOM,2026-04-18 10:47:41.702,2026-04-18 15:21:41.702,04:34:00,274.0,False,2026-04-18,10,BLR → BOM,752
6F137,IndiGo,CCU,DEL,2026-04-18 10:45:41.702,2026-04-18 15:01:41.702,04:16:00,256.0,False,2026-04-18,10,CCU → DEL,753
AI008,Air India,BOM,CCU,2026-04-18 10:43:41.701,2026-04-18 12:43:42.000,02:00:00.299000,120.00498333333333,False,2026-04-18,10,BOM → CCU,754
SJ140,SpiceJet,HYD,DEL,2026-04-18 10:42:41.702,2026-04-18 14:30:41.702,03:48:00,228.0,False,2026-04-18,10,HYD → DEL,755
UK016,Vistara,DEL,CCU,2026-04-18 10:42:41.701,2026-04-18 11:22:41.701,00:40:00,40.0,False,2026-04-18,10,DEL → CCU,756
AI127,Air India,DEL,HYD,2026-04-18 10:37:41.702,2026-04-18 13:45:41.702,03:08:00,188.0,False,2026-04-18,10,DEL → HYD,757
SJ096,SpiceJet,DEL,HYD,2026-04-18 10:29:41.702,2026-04-18 13:45:41.702,03:16:00,196.0,False,2026-04-18,10,DEL → HYD,758
6F048,IndiGo,HYD,DEL,2026-04-18 10:27:41.701,2026-04-18 11:18:41.701,00:51:00,51.0,False,2026-04-18,10,HYD → DEL,759
SJ090,SpiceJet,HYD,MAA,2026-04-18 10:24:41.702,2026-04-18 13:11:41.702,02:47:00,167.0,False,2026-04-18,10,HYD → MAA,760
AI014,Air India,HYD,MAA,2026-04-18 10:24:41.701,2026-04-18 13:51:41.701,03:27:00,207.0,False,2026-04-18,10,HYD → MAA,761
6F131,IndiGo,BLR,HYD,2026-04-18 10:22:41.702,2026-04-18 14:20:41.702,03:58:00,238.0,False,2026-04-18,10,BLR → HYD,762
AI130,Air India,BOM,BLR,2026-04-18 10:18:41.702,2026-04-18 12:59:41.702,02:41:00,161.0,False,2026-04-18,10,BOM → BLR,763
UK151,Vistara,BOM,CCU,2026-04-18 10:11:41.703,2026-04-18 13:30:41.703,03:19:00,199.0,False,2026-04-18,10,BOM → CCU,764
6F165,IndiGo,BLR,BOM,2026-04-18 10:11:41.703,2026-04-18 11:09:41.703,00:58:00,58.0,False,2026-04-18,10,BLR → BOM,765
UK161,Vistara,BLR,BOM,2026-04-18 10:05:41.703,2026-04-18 12:48:41.703,02:43:00,163.0,False,2026-04-18,10,BLR → BOM,766
AI107,Air India,HYD,CCU,2026-04-18 10:03:41.702,2026-04-18 10:49:41.702,00:46:00,46.0,False,2026-04-18,10,HYD → CCU,767
SJ104,SpiceJet,HYD,DEL,2026-04-18 10:00:41.702,2026-04-18 11:00:42.000,01:00:00.298000,60.00496666666666,False,2026-04-18,10,HYD → DEL,768
AI042,Air India,CCU,DEL,2026-04-18 09:53:41.701,2026-04-18 10:57:41.701,01:04:00,64.0,False,2026-04-18,9,CCU → DEL,769
6F266,IndiGo,CCU,MAA,2026-04-18 09:49:41.703,2026-04-18 11:17:41.703,01:28:00,88.0,False,2026-04-18,9,CCU → MAA,770
6F138,IndiGo,HYD,BLR,2026-04-18 09:49:41.702,2026-04-18 12:53:41.702,03:04:00,184.0,False,2026-04-18,9,HYD → BLR,771
SJ219,SpiceJet,BOM,DEL,2026-04-18 09:32:41.703,2026-04-18 14:09:41.703,04:37:00,277.0,False,2026-04-18,9,BOM → DEL,772
UK197,Vistara,BLR,HYD,2026-04-18 09:22:41.703,2026-04-18 10:54:41.703,01:32:00,92.0,False,2026-04-18,9,BLR → HYD,773
6F119,IndiGo,DEL,BOM,2026-04-18 09:19:41.702,2026-04-18 11:33:41.702,02:14:00,134.0,False,2026-04-18,9,DEL → BOM,774
SJ058,SpiceJet,DEL,HYD,2026-04-18 08:58:41.701,2026-04-18 13:14:41.701,04:16:00,256.0,False,2026-04-18,8,DEL → HYD,775
AI218,Air India,BOM,CCU,2026-04-18 08:55:41.703,2026-04-18 11:55:41.703,03:00:00,180.0,False,2026-04-18,8,BOM → CCU,776
SJ060,SpiceJet,HYD,CCU,2026-04-18 08:51:41.701,2026-04-18 13:46:41.701,04:55:00,295.0,False,2026-04-18,8,HYD → CCU,777
UK121,Vistara,BLR,BOM,2026-04-18 08:36:41.702,2026-04-18 12:36:41.702,04:00:00,240.0,False,2026-04-18,8,BLR → BOM,778
6F208,IndiGo,CCU,BOM,2026-04-18 08:27:41.703,2026-04-18 11:34:41.703,03:07:00,187.0,False,2026-04-18,8,CCU → BOM,779
6F153,IndiGo,CCU,BLR,2026-04-18 08:23:41.703,2026-04-18 12:20:41.703,03:57:00,237.0,False,2026-04-18,8,CCU → BLR,780
AI117,Air India,HYD,BLR,2026-04-18 08:18:41.702,2026-04-18 10:09:41.702,01:51:00,111.0,False,2026-04-18,8,HYD → BLR,781
SJ113,SpiceJet,BLR,BOM,2026-04-18 08:10:41.702,2026-04-18 10:10:42.000,02:00:00.298000,120.00496666666666,False,2026-04-18,8,BLR → BOM,782
AI191,Air India,BLR,MAA,2026-04-18 07:57:41.703,2026-04-18 11:58:41.703,04:01:00,241.0,False,2026-04-18,7,BLR → MAA,783
6F267,IndiGo,DEL,MAA,2026-04-18 07:56:41.703,2026-04-18 11:49:41.703,03:53:00,233.0,False,2026-04-18,7,DEL → MAA,784
6F185,IndiGo,CCU,DEL,2026-04-18 07:49:41.703,2026-04-18 10:08:41.703,02:19:00,139.0,False,2026-04-18,7,CCU → DEL,785
AI114,Air India,CCU,DEL,2026-04-18 07:48:41.702,2026-04-18 09:03:41.702,01:15:00,75.0,False,2026-04-18,7,CCU → DEL,786
6F155,IndiGo,DEL,BLR,2026-04-18 07:47:41.703,2026-04-18 08:20:41.703,00:33:00,33.0,False,2026-04-18,7,DEL → BLR,787
UK045,Vistara,MAA,HYD,2026-04-18 07:43:41.701,2026-04-18 09:28:41.701,01:45:00,105.0,False,2026-04-18,7,MAA → HYD,788
AI111,Air India,MAA,CCU,2026-04-18 07:40:41.702,2026-04-18 10:39:41.702,02:59:00,179.0,False,2026-04-18,7,MAA → CCU,789
AI156,Air India,CCU,BOM,2026-04-18 07:39:41.703,2026-04-18 09:22:41.703,01:43:00,103.0,False,2026-04-18,7,CCU → BOM,790
SJ128,SpiceJet,CCU,BLR,2026-04-18 07:39:41.702,2026-04-18 10:42:41.702,03:03:00,183.0,False,2026-04-18,7,CCU → BLR,791
AI104,Air India,MAA,HYD,2026-04-18 07:35:41.702,2026-04-18 09:20:41.702,01:45:00,105.0,False,2026-04-18,7,MAA → HYD,792
6F225,IndiGo,HYD,CCU,2026-04-18 07:33:41.704,2026-04-18 12:12:41.704,04:39:00,279.0,False,2026-04-18,7,HYD → CCU,793
6F033,IndiGo,DEL,HYD,2026-04-18 07:08:41.701,2026-04-18 09:08:41.701,02:00:00,120.0,False,2026-04-18,7,DEL → HYD,794
6F244,IndiGo,MAA,CCU,2026-04-18 07:07:41.704,2026-04-18 08:31:41.704,01:24:00,84.0,False,2026-04-18,7,MAA → CCU,795
UK137,Vistara,BOM,MAA,2026-04-18 07:04:41.703,2026-04-18 09:14:41.703,02:10:00,130.0,False,2026-04-18,7,BOM → MAA,796
AI063,Air India,HYD,BLR,2026-04-18 07:03:41.701,2026-04-18 11:26:41.701,04:23:00,263.0,False,2026-04-18,7,HYD → BLR,797
SJ156,SpiceJet,BOM,DEL,2026-04-18 06:59:41.703,2026-04-18 07:34:41.703,00:35:00,35.0,False,2026-04-18,6,BOM → DEL,798
UK125,Vistara,HYD,BOM,2026-04-18 06:58:41.702,2026-04-18 11:44:41.702,04:46:00,286.0,False,2026-04-18,6,HYD → BOM,799
AI232,Air India,DEL,BLR,2026-04-18 06:43:41.704,2026-04-18 10:13:41.704,03:30:00,210.0,False,2026-04-18,6,DEL → BLR,800
AI167,Air India,BLR,DEL,2026-04-18 06:43:41.703,2026-04-18 11:10:41.703,04:27:00,267.0,False,2026-04-18,6,BLR → DEL,801
UK160,Vistara,BLR,BOM,2026-04-18 06:42:41.703,2026-04-18 10:58:41.703,04:16:00,256.0,False,2026-04-18,6,BLR → BOM,802
UK129,Vistara,HYD,MAA,2026-04-18 06:29:41.702,2026-04-18 07:29:42.000,01:00:00.298000,60.00496666666666,False,2026-04-18,6,HYD → MAA,803
SJ230,SpiceJet,BOM,CCU,2026-04-18 06:22:41.704,2026-04-18 10:57:41.704,04:35:00,275.0,False,2026-04-18,6,BOM → CCU,804
SJ056,SpiceJet,HYD,DEL,2026-04-18 06:11:41.701,2026-04-18 07:10:41.701,00:59:00,59.0,False,2026-04-18,6,HYD → DEL,805
SJ137,SpiceJet,CCU,DEL,2026-04-18 06:08:41.702,2026-04-18 10:14:41.702,04:06:00,246.0,False,2026-04-18,6,CCU → DEL,806
6F081,IndiGo,MAA,BLR,2026-04-18 06:04:41.702,2026-04-18 07:43:41.702,01:39:00,99.0,False,2026-04-18,6,MAA → BLR,807
6F088,IndiGo,CCU,BLR,2026-04-18 05:51:41.702,2026-04-18 08:22:41.702,02:31:00,151.0,False,2026-04-18,5,CCU → BLR,808
6F121,IndiGo,HYD,MAA,2026-04-18 05:44:41.702,2026-04-18 10:42:41.702,04:58:00,298.0,False,2026-04-18,5,HYD → MAA,809
UK214,Vistara,HYD,DEL,2026-04-18 05:30:41.704,2026-04-18 09:10:41.704,03:40:00,220.0,False,2026-04-18,5,HYD → DEL,810
6F060,IndiGo,DEL,BLR,2026-04-18 05:29:41.701,2026-04-18 07:29:42.000,02:00:00.299000,120.00498333333333,False,2026-04-18,5,DEL → BLR,811
SJ101,SpiceJet,CCU,DEL,2026-04-18 05:17:41.702,2026-04-18 06:57:41.702,01:40:00,100.0,False,2026-04-18,5,CCU → DEL,812
AI017,Air India,CCU,BOM,2026-04-18 05:15:41.701,2026-04-18 08:48:41.701,03:33:00,213.0,False,2026-04-18,5,CCU → BOM,813
6F120,IndiGo,BLR,BOM,2026-04-18 05:14:41.702,2026-04-18 06:14:41.702,01:00:00,60.0,False,2026-04-18,5,BLR → BOM,814
6F217,IndiGo,BLR,BOM,2026-04-18 05:13:41.704,2026-04-18 08:01:41.704,02:48:00,168.0,False,2026-04-18,5,BLR → BOM,815
AI194,Air India,MAA,BLR,2026-04-18 05:09:41.703,2026-04-18 09:38:41.703,04:29:00,269.0,False,2026-04-18,5,MAA → BLR,816
AI095,Air India,DEL,MAA,2026-04-18 05:00:41.702,2026-04-18 08:18:41.702,03:18:00,198.0,False,2026-04-18,5,DEL → MAA,817
SJ190,SpiceJet,BOM,CCU,2026-04-18 04:57:41.703,2026-04-18 09:25:41.703,04:28:00,268.0,False,2026-04-18,4,BOM → CCU,818
6F139,IndiGo,HYD,MAA,2026-04-18 04:55:41.702,2026-04-18 08:17:41.702,03:22:00,202.0,False,2026-04-18,4,HYD → MAA,819
6F062,IndiGo,CCU,DEL,2026-04-18 04:55:41.701,2026-04-18 06:22:41.701,01:27:00,87.0,False,2026-04-18,4,CCU → DEL,820
UK011,Vistara,CCU,DEL,2026-04-18 04:41:41.701,2026-04-18 06:25:41.701,01:44:00,104.0,False,2026-04-18,4,CCU → DEL,821
6F100,IndiGo,BOM,BLR,2026-04-18 04:40:41.702,2026-04-18 07:49:41.702,03:09:00,189.0,False,2026-04-18,4,BOM → BLR,822
6F228,IndiGo,HYD,MAA,2026-04-18 04:36:41.704,2026-04-18 09:27:41.704,04:51:00,291.0,False,2026-04-18,4,HYD → MAA,823
UK033,Vistara,HYD,DEL,2026-04-18 04:34:41.701,2026-04-18 09:18:41.701,04:44:00,284.0,False,2026-04-18,4,HYD → DEL,824
SJ231,SpiceJet,DEL,BLR,2026-04-18 04:23:41.704,2026-04-18 05:48:41.704,01:25:00,85.0,False,2026-04-18,4,DEL → BLR,825
AI166,Air India,BOM,CCU,2026-04-18 04:20:41.703,2026-04-18 07:23:41.703,03:03:00,183.0,False,2026-04-18,4,BOM → CCU,826
SJ176,SpiceJet,DEL,BOM,2026-04-18 04:15:41.703,2026-04-18 06:17:41.703,02:02:00,122.0,False,2026-04-18,4,DEL → BOM,827
SJ065,SpiceJet,MAA,BLR,2026-04-18 04:10:41.701,2026-04-18 06:54:41.701,02:44:00,164.0,False,2026-04-18,4,MAA → BLR,828
6F160,IndiGo,MAA,BLR,2026-04-18 04:09:41.703,2026-04-18 08:26:41.703,04:17:00,257.0,False,2026-04-18,4,MAA → BLR,829
AI089,Air India,CCU,BOM,2026-04-18 04:05:41.702,2026-04-18 04:47:41.702,00:42:00,42.0,False,2026-04-18,4,CCU → BOM,830
UK226,Vistara,MAA,HYD,2026-04-18 03:58:41.704,2026-04-18 05:01:41.704,01:03:00,63.0,False,2026-04-18,3,MAA → HYD,831
SJ123,SpiceJet,BOM,CCU,2026-04-18 03:57:41.702,2026-04-18 05:25:41.702,01:28:00,88.0,False,2026-04-18,3,BOM → CCU,832
AI054,Air India,HYD,CCU,2026-04-18 03:44:41.701,2026-04-18 08:10:41.701,04:26:00,266.0,False,2026-04-18,3,HYD → CCU,833
UK019,Vistara,BOM,HYD,2026-04-18 03:41:41.701,2026-04-18 04:35:41.701,00:54:00,54.0,False,2026-04-18,3,BOM → HYD,834
UK032,Vistara,BLR,BOM,2026-04-18 03:31:41.701,2026-04-18 07:28:41.701,03:57:00,237.0,False,2026-04-18,3,BLR → BOM,835
SJ100,SpiceJet,MAA,BLR,2026-04-18 03:28:41.702,2026-04-18 06:50:41.702,03:22:00,202.0,False,2026-04-18,3,MAA → BLR,836
SJ094,SpiceJet,MAA,HYD,2026-04-18 03:23:41.702,2026-04-18 08:07:41.702,04:44:00,284.0,False,2026-04-18,3,MAA → HYD,837
6F101,IndiGo,BOM,MAA,2026-04-18 03:18:41.702,2026-04-18 08:15:41.702,04:57:00,297.0,False,2026-04-18,3,BOM → MAA,838
6F006,IndiGo,BOM,BLR,2026-04-18 03:06:41.701,2026-04-18 05:06:42.000,02:00:00.299000,120.00498333333333,False,2026-04-18,3,BOM → BLR,839
AI006,Air India,BOM,BLR,2026-04-18 03:04:41.701,2026-04-18 05:54:41.701,02:50:00,170.0,False,2026-04-18,3,BOM → BLR,840
AI195,Air India,CCU,MAA,2026-04-18 02:58:41.703,2026-04-18 04:57:41.703,01:59:00,119.0,False,2026-04-18,2,CCU → MAA,841
UK072,Vistara,BOM,BLR,2026-04-18 02:55:41.702,2026-04-18 05:55:42.000,03:00:00.298000,180.0049666666667,False,2026-04-18,2,BOM → BLR,842
AI244,Air India,BLR,BOM,2026-04-18 02:50:41.704,2026-04-18 03:25:41.704,00:35:00,35.0,False,2026-04-18,2,BLR → BOM,843
SJ059,SpiceJet,CCU,DEL,2026-04-18 02:50:41.701,2026-04-18 04:06:41.701,01:16:00,76.0,False,2026-04-18,2,CCU → DEL,844
SJ009,SpiceJet,CCU,BLR,2026-04-18 02:48:41.701,2026-04-18 04:23:41.701,01:35:00,95.0,False,2026-04-18,2,CCU → BLR,845
AI121,Air India,HYD,MAA,2026-04-18 02:42:41.702,2026-04-18 06:11:41.702,03:29:00,209.0,False,2026-04-18,2,HYD → MAA,846
6F265,IndiGo,DEL,HYD,2026-04-18 02:27:41.703,2026-04-18 03:24:41.703,00:57:00,57.0,False,2026-04-18,2,DEL → HYD,847
6F110,IndiGo,HYD,DEL,2026-04-18 02:27:41.702,2026-04-18 05:48:41.702,03:21:00,201.0,False,2026-04-18,2,HYD → DEL,848
UK018,Vistara,BOM,CCU,2026-04-18 02:15:41.701,2026-04-18 04:08:41.701,01:53:00,113.0,False,2026-04-18,2,BOM → CCU,849
6F072,IndiGo,BLR,CCU,2026-04-18 02:14:41.702,2026-04-18 03:11:41.702,00:57:00,57.0,False,2026-04-18,2,BLR → CCU,850
6F159,IndiGo,CCU,BOM,2026-04-18 02:08:41.703,2026-04-18 02:43:41.703,00:35:00,35.0,False,2026-04-18,2,CCU → BOM,851
6F095,IndiGo,BLR,MAA,2026-04-18 01:53:41.702,2026-04-18 05:34:41.702,03:41:00,221.0,False,2026-04-18,1,BLR → MAA,852
SJ129,SpiceJet,CCU,BOM,2026-04-18 01:48:41.702,2026-04-18 05:48:41.702,04:00:00,240.0,False,2026-04-18,1,CCU → BOM,853
UK039,Vistara,HYD,BOM,2026-04-18 01:40:41.701,2026-04-18 02:53:41.701,01:13:00,73.0,False,2026-04-18,1,HYD → BOM,854
6F130,IndiGo,DEL,HYD,2026-04-18 01:27:41.702,2026-04-18 02:45:41.702,01:18:00,78.0,False,2026-04-18,1,DEL → HYD,855
6F247,IndiGo,DEL,HYD,2026-04-18 01:27:41.702,2026-04-18 02:45:41.702,01:18:00,78.0,False,2026-04-18,1,DEL → HYD,856
SJ233,SpiceJet,DEL,HYD,2026-04-18 01:18:41.704,2026-04-18 02:56:41.704,01:38:00,98.0,False,2026-04-18,1,DEL → HYD,857
6F231,IndiGo,HYD,MAA,2026-04-18 01:16:41.704,2026-04-18 05:43:41.704,04:27:00,267.0,False,2026-04-18,1,HYD → MAA,858
AI125,Air India,CCU,DEL,2026-04-18 01:12:41.702,2026-04-18 04:51:41.702,03:39:00,219.0,False,2026-04-18,1,CCU → DEL,859
6F102,IndiGo,HYD,MAA,2026-04-18 01:10:41.702,2026-04-18 02:24:41.702,01:14:00,74.0,False,2026-04-18,1,HYD → MAA,860
UK078,Vistara,BOM,HYD,2026-04-18 01:03:41.702,2026-04-18 04:32:41.702,03:29:00,209.0,False,2026-04-18,1,BOM → HYD,861
UK043,Vistara,DEL,HYD,2026-04-18 00:48:41.701,2026-04-18 04:52:41.701,04:04:00,244.0,False,2026-04-18,0,DEL → HYD,862
AI144,Air India,MAA,BOM,2026-04-18 00:43:41.702,2026-04-18 03:36:41.702,02:53:00,173.0,False,2026-04-18,0,MAA → BOM,863
UK054,Vistara,BLR,BOM,2026-04-18 00:37:41.701,2026-04-18 05:30:41.701,04:53:00,293.0,False,2026-04-18,0,BLR → BOM,864
UK108,Vistara,DEL,BLR,2026-04-18 00:28:41.702,2026-04-18 03:46:41.702,03:18:00,198.0,False,2026-04-18,0,DEL → BLR,865
6F008,IndiGo,DEL,BOM,2026-04-18 00:14:41.701,2026-04-18 04:59:41.701,04:45:00,285.0,False,2026-04-18,0,DEL → BOM,866
6F106,IndiGo,BOM,CCU,2026-04-18 00:10:41.702,2026-04-18 01:52:41.702,01:42:00,102.0,False,2026-04-18,0,BOM → CCU,867
AI203,Air India,BOM,CCU,2026-04-18 00:09:41.703,2026-04-18 02:56:41.703,02:47:00,167.0,False,2026-04-18,0,BOM → CCU,868
AI065,Air India,MAA,BLR,2026-04-18 00:09:41.701,2026-04-18 05:00:41.701,04:51:00,291.0,False,2026-04-18,0,MAA → BLR,869
UK053,Vistara,BLR,BOM,2026-04-17 23:56:41.701,2026-04-18 02:46:41.701,02:50:00,170.0,True,2026-04-17,23,BLR → BOM,870
UK086,Vistara,CCU,BLR,2026-04-17 23:55:41.702,2026-04-18 02:27:41.702,02:32:00,152.0,True,2026-04-17,23,CCU → BLR,871
SJ223,SpiceJet,HYD,MAA,2026-04-17 23:54:41.703,2026-04-18 01:08:41.703,01:14:00,74.0,True,2026-04-17,23,HYD → MAA,872
6F069,IndiGo,MAA,BLR,2026-04-17 23:44:41.701,2026-04-18 03:17:41.701,03:33:00,213.0,True,2026-04-17,23,MAA → BLR,873
6F032,IndiGo,DEL,BOM,2026-04-17 23:43:41.701,2026-04-18 02:22:41.701,02:39:00,159.0,True,2026-04-17,23,DEL → BOM,874
UK178,Vistara,DEL,BLR,2026-04-17 23:41:41.703,2026-04-18 04:09:41.703,04:28:00,268.0,True,2026-04-17,23,DEL → BLR,875
6F108,IndiGo,DEL,HYD,2026-04-17 23:41:41.702,2026-04-18 03:23:41.702,03:42:00,222.0,True,2026-04-17,23,DEL → HYD,876
UK147,Vistara,CCU,DEL,2026-04-17 23:35:41.703,2026-04-18 02:55:41.703,03:20:00,200.0,True,2026-04-17,23,CCU → DEL,877
AI187,Air India,BLR,HYD,2026-04-17 23:32:41.703,2026-04-18 01:16:41.703,01:44:00,104.0,True,2026-04-17,23,BLR → HYD,878
UK213,Vistara,BOM,CCU,2026-04-17 23:21:41.704,2026-04-18 01:01:41.704,01:40:00,100.0,True,2026-04-17,23,BOM → CCU,879
AI035,Air India,DEL,MAA,2026-04-17 23:17:41.701,2026-04-18 00:48:41.701,01:31:00,91.0,True,2026-04-17,23,DEL → MAA,880
UK186,Vistara,BOM,BLR,2026-04-17 23:05:41.703,2026-04-18 02:22:41.703,03:17:00,197.0,True,2026-04-17,23,BOM → BLR,881
6F045,IndiGo,BOM,HYD,2026-04-17 23:04:41.701,2026-04-18 03:38:41.701,04:34:00,274.0,True,2026-04-17,23,BOM → HYD,882
UK025,Vistara,DEL,BOM,2026-04-17 22:55:41.701,2026-04-18 02:47:41.701,03:52:00,232.0,True,2026-04-17,22,DEL → BOM,883
UK162,Vistara,BOM,CCU,2026-04-17 22:47:41.703,2026-04-18 00:21:41.703,01:34:00,94.0,True,2026-04-17,22,BOM → CCU,884
AI157,Air India,BLR,CCU,2026-04-17 22:45:41.703,2026-04-18 01:33:41.703,02:48:00,168.0,True,2026-04-17,22,BLR → CCU,885
6F096,IndiGo,MAA,BLR,2026-04-17 22:45:41.702,2026-04-18 02:58:41.702,04:13:00,253.0,True,2026-04-17,22,MAA → BLR,886
SJ229,SpiceJet,CCU,DEL,2026-04-17 22:25:41.704,2026-04-18 00:27:41.704,02:02:00,122.0,True,2026-04-17,22,CCU → DEL,887
AI214,Air India,CCU,DEL,2026-04-17 22:23:41.703,2026-04-18 02:49:41.703,04:26:00,266.0,True,2026-04-17,22,CCU → DEL,888
6F205,IndiGo,HYD,BOM,2026-04-17 22:16:41.703,2026-04-18 00:02:41.703,01:46:00,106.0,True,2026-04-17,22,HYD → BOM,889
SJ157,SpiceJet,DEL,HYD,2026-04-17 22:11:41.703,2026-04-18 01:05:41.703,02:54:00,174.0,True,2026-04-17,22,DEL → HYD,890
UK114,Vistara,HYD,CCU,2026-04-17 22:10:41.702,2026-04-17 23:58:41.702,01:48:00,108.0,False,2026-04-17,22,HYD → CCU,891
6F054,IndiGo,HYD,BLR,2026-04-17 22:00:41.701,2026-04-18 01:25:41.701,03:25:00,205.0,True,2026-04-17,22,HYD → BLR,892
6F216,IndiGo,BLR,DEL,2026-04-17 21:58:41.704,2026-04-18 02:51:41.704,04:53:00,293.0,True,2026-04-17,21,BLR → DEL,893
AI231,Air India,DEL,HYD,2026-04-17 21:52:41.704,2026-04-17 23:51:41.704,01:59:00,119.0,False,2026-04-17,21,DEL → HYD,894
UK103,Vistara,MAA,DEL,2026-04-17 21:52:41.702,2026-04-18 01:06:41.702,03:14:00,194.0,True,2026-04-17,21,MAA → DEL,895
AI066,Air India,HYD,MAA,2026-04-17 21:51:41.701,2026-04-18 00:11:41.701,02:20:00,140.0,True,2026-04-17,21,HYD → MAA,896
6F186,IndiGo,HYD,BOM,2026-04-17 21:48:41.703,2026-04-18 02:02:41.703,04:14:00,254.0,True,2026-04-17,21,HYD → BOM,897
AI021,Air India,DEL,HYD,2026-04-17 21:39:41.701,2026-04-18 01:38:41.701,03:59:00,239.0,True,2026-04-17,21,DEL → HYD,898
AI113,Air India,CCU,HYD,2026-04-17 21:21:41.702,2026-04-17 23:51:41.702,02:30:00,150.0,False,2026-04-17,21,CCU → HYD,899
SJ031,SpiceJet,DEL,BOM,2026-04-17 21:20:41.701,2026-04-17 22:29:41.701,01:09:00,69.0,False,2026-04-17,21,DEL → BOM,900
UK217,Vistara,MAA,CCU,2026-04-17 21:19:41.704,2026-04-17 22:14:41.704,00:55:00,55.0,False,2026-04-17,21,MAA → CCU,901
SJ120,SpiceJet,MAA,BLR,2026-04-17 21:19:41.702,2026-04-18 00:56:41.702,03:37:00,217.0,True,2026-04-17,21,MAA → BLR,902
UK180,Vistara,CCU,MAA,2026-04-17 21:18:41.703,2026-04-17 23:29:41.703,02:11:00,131.0,False,2026-04-17,21,CCU → MAA,903
6F242,IndiGo,BLR,MAA,2026-04-17 21:10:41.704,2026-04-18 01:04:41.704,03:54:00,234.0,True,2026-04-17,21,BLR → MAA,904
UK080,Vistara,BLR,MAA,2026-04-17 21:09:41.702,2026-04-17 22:29:41.702,01:20:00,80.0,False,2026-04-17,21,BLR → MAA,905
SJ124,SpiceJet,HYD,DEL,2026-04-17 21:05:41.702,2026-04-18 01:12:41.702,04:07:00,247.0,True,2026-04-17,21,HYD → DEL,906
SJ115,SpiceJet,BOM,HYD,2026-04-17 21:05:41.702,2026-04-17 23:10:41.702,02:05:00,125.0,False,2026-04-17,21,BOM → HYD,907
AI081,Air India,CCU,BOM,2026-04-17 21:03:41.702,2026-04-17 22:51:41.702,01:48:00,108.0,False,2026-04-17,21,CCU → BOM,908
AI142,Air India,BOM,DEL,2026-04-17 20:49:41.702,2026-04-17 23:03:41.702,02:14:00,134.0,False,2026-04-17,20,BOM → DEL,909
UK052,Vistara,BLR,CCU,2026-04-17 20:48:41.701,2026-04-17 21:40:41.701,00:52:00,52.0,False,2026-04-17,20,BLR → CCU,910
UK014,Vistara,HYD,MAA,2026-04-17 20:41:41.701,2026-04-17 22:06:41.701,01:25:00,85.0,False,2026-04-17,20,HYD → MAA,911
AI230,Air India,CCU,BLR,2026-04-17 20:37:41.704,2026-04-18 00:22:41.704,03:45:00,225.0,True,2026-04-17,20,CCU → BLR,912
6F268,IndiGo,DEL,MAA,2026-04-17 20:29:41.701,2026-04-17 21:58:41.701,01:29:00,89.0,False,2026-04-17,20,DEL → MAA,913
AI124,Air India,CCU,HYD,2026-04-17 20:28:41.702,2026-04-18 00:00:41.702,03:32:00,212.0,True,2026-04-17,20,CCU → HYD,914
6F082,IndiGo,BOM,BLR,2026-04-17 20:26:41.702,2026-04-17 22:26:41.702,02:00:00,120.0,False,2026-04-17,20,BOM → BLR,915
SJ035,SpiceJet,CCU,DEL,2026-04-17 20:15:41.701,2026-04-17 21:15:42.000,01:00:00.299000,60.004983333333335,False,2026-04-17,20,CCU → DEL,916
SJ095,SpiceJet,DEL,MAA,2026-04-17 20:09:41.702,2026-04-17 23:13:41.702,03:04:00,184.0,False,2026-04-17,20,DEL → MAA,917
UK230,Vistara,BLR,BOM,2026-04-17 20:02:41.704,2026-04-17 21:35:41.704,01:33:00,93.0,False,2026-04-17,20,BLR → BOM,918
UK171,Vistara,HYD,CCU,2026-04-17 19:59:41.703,2026-04-17 22:53:41.703,02:54:00,174.0,False,2026-04-17,19,HYD → CCU,919
6F147,IndiGo,HYD,MAA,2026-04-17 19:57:41.703,2026-04-18 00:31:41.703,04:34:00,274.0,True,2026-04-17,19,HYD → MAA,920
SJ212,SpiceJet,MAA,BLR,2026-04-17 19:49:41.703,2026-04-17 21:44:41.703,01:55:00,115.0,False,2026-04-17,19,MAA → BLR,921
6F080,IndiGo,HYD,MAA,2026-04-17 19:47:41.702,2026-04-17 23:13:41.702,03:26:00,206.0,False,2026-04-17,19,HYD → MAA,922
UK049,Vistara,HYD,BOM,2026-04-17 19:47:41.701,2026-04-17 20:32:41.701,00:45:00,45.0,False,2026-04-17,19,HYD → BOM,923
AI152,Air India,BLR,CCU,2026-04-17 19:21:41.703,2026-04-17 20:26:41.703,01:05:00,65.0,False,2026-04-17,19,BLR → CCU,924
AI162,Air India,MAA,DEL,2026-04-17 19:20:41.703,2026-04-17 22:40:41.703,03:20:00,200.0,False,2026-04-17,19,MAA → DEL,925
SJ037,SpiceJet,BLR,BOM,2026-04-17 19:14:41.701,2026-04-17 22:31:41.701,03:17:00,197.0,False,2026-04-17,19,BLR → BOM,926
AI172,Air India,BOM,CCU,2026-04-17 19:08:41.703,2026-04-17 19:53:41.703,00:45:00,45.0,False,2026-04-17,19,BOM → CCU,927
UK205,Vistara,HYD,MAA,2026-04-17 18:57:41.703,2026-04-17 21:46:41.703,02:49:00,169.0,False,2026-04-17,18,HYD → MAA,928
AI199,Air India,HYD,DEL,2026-04-17 18:47:41.703,2026-04-17 22:26:41.703,03:39:00,219.0,False,2026-04-17,18,HYD → DEL,929
6F241,IndiGo,DEL,HYD,2026-04-17 18:27:41.704,2026-04-17 19:02:41.704,00:35:00,35.0,False,2026-04-17,18,DEL → HYD,930
SJ041,SpiceJet,CCU,HYD,2026-04-17 18:24:41.701,2026-04-17 22:59:41.701,04:35:00,275.0,False,2026-04-17,18,CCU → HYD,931
AI064,Air India,BLR,MAA,2026-04-17 18:24:41.701,2026-04-17 20:07:41.701,01:43:00,103.0,False,2026-04-17,18,BLR → MAA,932
UK169,Vistara,HYD,DEL,2026-04-17 18:12:41.703,2026-04-17 23:01:41.703,04:49:00,289.0,False,2026-04-17,18,HYD → DEL,933
UK144,Vistara,BOM,CCU,2026-04-17 18:07:41.703,2026-04-17 20:59:41.703,02:52:00,172.0,False,2026-04-17,18,BOM → CCU,934
AI118,Air India,HYD,MAA,2026-04-17 17:50:41.702,2026-04-17 19:59:41.702,02:09:00,129.0,False,2026-04-17,17,HYD → MAA,935
SJ145,SpiceJet,BLR,HYD,2026-04-17 17:41:41.702,2026-04-17 20:38:41.702,02:57:00,177.0,False,2026-04-17,17,BLR → HYD,936
SJ077,SpiceJet,BLR,MAA,2026-04-17 17:32:41.701,2026-04-17 19:40:41.701,02:08:00,128.0,False,2026-04-17,17,BLR → MAA,937
AI126,Air India,MAA,HYD,2026-04-17 17:26:41.702,2026-04-17 20:48:41.702,03:22:00,202.0,False,2026-04-17,17,MAA → HYD,938
SJ033,SpiceJet,HYD,DEL,2026-04-17 17:26:41.701,2026-04-17 18:51:41.701,01:25:00,85.0,False,2026-04-17,17,HYD → DEL,939
SJ180,SpiceJet,HYD,CCU,2026-04-17 17:12:41.703,2026-04-17 22:00:41.703,04:48:00,288.0,False,2026-04-17,17,HYD → CCU,940
6F183,IndiGo,MAA,HYD,2026-04-17 17:08:41.703,2026-04-17 19:52:41.703,02:44:00,164.0,False,2026-04-17,17,MAA → HYD,941
AI145,Air India,DEL,BOM,2026-04-17 17:06:41.702,2026-04-17 21:31:41.702,04:25:00,265.0,False,2026-04-17,17,DEL → BOM,942
6F089,IndiGo,DEL,HYD,2026-04-17 17:06:41.702,2026-04-17 19:10:41.702,02:04:00,124.0,False,2026-04-17,17,DEL → HYD,943
6F207,IndiGo,BOM,HYD,2026-04-17 16:59:41.703,2026-04-17 21:00:41.703,04:01:00,241.0,False,2026-04-17,16,BOM → HYD,944
AI229,Air India,HYD,MAA,2026-04-17 16:48:41.703,2026-04-17 18:40:41.703,01:52:00,112.0,False,2026-04-17,16,HYD → MAA,945
6F223,IndiGo,MAA,BLR,2026-04-17 16:47:41.704,2026-04-17 17:21:41.704,00:34:00,34.0,False,2026-04-17,16,MAA → BLR,946
6F116,IndiGo,MAA,CCU,2026-04-17 16:43:41.702,2026-04-17 19:02:41.702,02:19:00,139.0,False,2026-04-17,16,MAA → CCU,947
SJ240,SpiceJet,BOM,HYD,2026-04-17 16:42:41.704,2026-04-17 20:21:41.704,03:39:00,219.0,False,2026-04-17,16,BOM → HYD,948
SJ184,SpiceJet,CCU,DEL,2026-04-17 16:32:41.703,2026-04-17 21:00:41.703,04:28:00,268.0,False,2026-04-17,16,CCU → DEL,949
AI087,Air India,MAA,DEL,2026-04-17 16:32:41.702,2026-04-17 20:30:41.702,03:58:00,238.0,False,2026-04-17,16,MAA → DEL,950
UK148,Vistara,HYD,BOM,2026-04-17 16:31:41.703,2026-04-17 18:43:41.703,02:12:00,132.0,False,2026-04-17,16,HYD → BOM,951
AI210,Air India,BLR,BOM,2026-04-17 16:13:41.703,2026-04-17 18:50:41.703,02:37:00,157.0,False,2026-04-17,16,BLR → BOM,952
6F093,IndiGo,CCU,DEL,2026-04-17 16:09:41.702,2026-04-17 20:00:41.702,03:51:00,231.0,False,2026-04-17,16,CCU → DEL,953
SJ080,SpiceJet,CCU,MAA,2026-04-17 16:04:41.702,2026-04-17 17:59:41.702,01:55:00,115.0,False,2026-04-17,16,CCU → MAA,954
SJ005,SpiceJet,DEL,MAA,2026-04-17 16:03:41.701,2026-04-17 17:24:41.701,01:21:00,81.0,False,2026-04-17,16,DEL → MAA,955
6F040,IndiGo,HYD,CCU,2026-04-17 15:52:41.701,2026-04-17 20:33:41.701,04:41:00,281.0,False,2026-04-17,15,HYD → CCU,956
AI212,Air India,DEL,CCU,2026-04-17 15:31:41.703,2026-04-17 20:13:41.703,04:42:00,282.0,False,2026-04-17,15,DEL → CCU,957
AI154,Air India,HYD,MAA,2026-04-17 15:25:41.703,2026-04-17 19:16:41.703,03:51:00,231.0,False,2026-04-17,15,HYD → MAA,958
6F239,IndiGo,CCU,BOM,2026-04-17 15:24:41.704,2026-04-17 17:37:41.704,02:13:00,133.0,False,2026-04-17,15,CCU → BOM,959
UK199,Vistara,BOM,CCU,2026-04-17 15:24:41.703,2026-04-17 18:55:41.703,03:31:00,211.0,False,2026-04-17,15,BOM → CCU,960
6F218,IndiGo,BLR,BOM,2026-04-17 15:16:41.704,2026-04-17 19:03:41.704,03:47:00,227.0,False,2026-04-17,15,BLR → BOM,961
6F011,IndiGo,MAA,BLR,2026-04-17 15:16:41.701,2026-04-17 17:16:42.000,02:00:00.299000,120.00498333333333,False,2026-04-17,15,MAA → BLR,962
UK106,Vistara,BOM,CCU,2026-04-17 15:12:41.702,2026-04-17 17:23:41.702,02:11:00,131.0,False,2026-04-17,15,BOM → CCU,963
UK030,Vistara,CCU,DEL,2026-04-17 15:11:41.701,2026-04-17 19:38:41.701,04:27:00,267.0,False,2026-04-17,15,CCU → DEL,964
6F090,IndiGo,HYD,BLR,2026-04-17 15:10:41.702,2026-04-17 19:22:41.702,04:12:00,252.0,False,2026-04-17,15,HYD → BLR,965
AI184,Air India,BOM,CCU,2026-04-17 15:03:41.703,2026-04-17 17:03:42.000,02:00:00.297000,120.00495,False,2026-04-17,15,BOM → CCU,966
SJ232,SpiceJet,MAA,BLR,2026-04-17 15:02:41.704,2026-04-17 19:22:41.704,04:20:00,260.0,False,2026-04-17,15,MAA → BLR,967
AI153,Air India,BOM,CCU,2026-04-17 15:02:41.703,2026-04-17 16:30:41.703,01:28:00,88.0,False,2026-04-17,15,BOM → CCU,968
UK101,Vistara,DEL,HYD,2026-04-17 15:00:41.702,2026-04-17 17:43:41.702,02:43:00,163.0,False,2026-04-17,15,DEL → HYD,969
6F200,IndiGo,HYD,DEL,2026-04-17 14:54:41.703,2026-04-17 19:41:41.703,04:47:00,287.0,False,2026-04-17,14,HYD → DEL,970
6F162,IndiGo,CCU,BOM,2026-04-17 14:50:41.703,2026-04-17 17:44:41.703,02:54:00,174.0,False,2026-04-17,14,CCU → BOM,971
SJ197,SpiceJet,HYD,BLR,2026-04-17 14:49:41.703,2026-04-17 17:33:41.703,02:44:00,164.0,False,2026-04-17,14,HYD → BLR,972
AI174,Air India,DEL,CCU,2026-04-17 14:45:41.703,2026-04-17 17:01:41.703,02:16:00,136.0,False,2026-04-17,14,DEL → CCU,973
UK090,Vistara,HYD,MAA,2026-04-17 14:44:41.702,2026-04-17 17:24:41.702,02:40:00,160.0,False,2026-04-17,14,HYD → MAA,974
UK124,Vistara,MAA,BLR,2026-04-17 14:35:41.702,2026-04-17 17:09:41.702,02:34:00,154.0,False,2026-04-17,14,MAA → BLR,975
AI239,Air India,BOM,HYD,2026-04-17 14:33:41.704,2026-04-17 17:47:41.704,03:14:00,194.0,False,2026-04-17,14,BOM → HYD,976
UK002,Vistara,CCU,MAA,2026-04-17 14:28:41.700,2026-04-17 19:20:41.700,04:52:00,292.0,False,2026-04-17,14,CCU → MAA,977
SJ055,SpiceJet,HYD,MAA,2026-04-17 14:17:41.701,2026-04-17 17:56:41.701,03:39:00,219.0,False,2026-04-17,14,HYD → MAA,978
UK132,Vistara,BOM,DEL,2026-04-17 14:12:41.702,2026-04-17 16:19:41.702,02:07:00,127.0,False,2026-04-17,14,BOM → DEL,979
6F002,IndiGo,BLR,MAA,2026-04-17 14:11:41.700,2026-04-17 17:34:41.700,03:23:00,203.0,False,2026-04-17,14,BLR → MAA,980
UK005,Vistara,BOM,MAA,2026-04-17 14:02:41.701,2026-04-17 18:14:41.701,04:12:00,252.0,False,2026-04-17,14,BOM → MAA,981
6F258,IndiGo,BOM,DEL,2026-04-17 13:54:41.703,2026-04-17 16:49:41.703,02:55:00,175.0,False,2026-04-17,13,BOM → DEL,982
SJ244,SpiceJet,BLR,DEL,2026-04-17 13:51:41.704,2026-04-17 15:39:41.704,01:48:00,108.0,False,2026-04-17,13,BLR → DEL,983
AI075,Air India,CCU,DEL,2026-04-17 13:51:41.702,2026-04-17 16:49:41.702,02:58:00,178.0,False,2026-04-17,13,CCU → DEL,984
AI160,Air India,MAA,DEL,2026-04-17 13:41:41.703,2026-04-17 17:01:41.703,03:20:00,200.0,False,2026-04-17,13,MAA → DEL,985
UK091,Vistara,CCU,BOM,2026-04-17 13:37:41.702,2026-04-17 17:31:41.702,03:54:00,234.0,False,2026-04-17,13,CCU → BOM,986
UK195,Vistara,HYD,BOM,2026-04-17 13:35:41.703,2026-04-17 16:35:41.703,03:00:00,180.0,False,2026-04-17,13,HYD → BOM,987
6F044,IndiGo,DEL,HYD,2026-04-17 13:25:41.701,2026-04-17 17:36:41.701,04:11:00,251.0,False,2026-04-17,13,DEL → HYD,988
6F248,IndiGo,DEL,HYD,2026-04-17 13:25:41.701,2026-04-17 17:36:41.701,04:11:00,251.0,False,2026-04-17,13,DEL → HYD,989
6F204,IndiGo,DEL,CCU,2026-04-17 13:23:41.703,2026-04-17 16:04:41.703,02:41:00,161.0,False,2026-04-17,13,DEL → CCU,990
SJ092,SpiceJet,BLR,MAA,2026-04-17 13:19:41.702,2026-04-17 17:56:41.702,04:37:00,277.0,False,2026-04-17,13,BLR → MAA,991
AI119,Air India,MAA,BLR,2026-04-17 13:15:41.702,2026-04-17 15:57:41.702,02:42:00,162.0,False,2026-04-17,13,MAA → BLR,992
AI151,Air India,MAA,HYD,2026-04-17 13:14:41.703,2026-04-17 14:10:41.703,00:56:00,56.0,False,2026-04-17,13,MAA → HYD,993
UK107,Vistara,HYD,BOM,2026-04-17 13:09:41.702,2026-04-17 14:25:41.702,01:16:00,76.0,False,2026-04-17,13,HYD → BOM,994
SJ019,SpiceJet,BLR,DEL,2026-04-17 13:07:41.701,2026-04-17 15:56:41.701,02:49:00,169.0,False,2026-04-17,13,BLR → DEL,995
AI052,Air India,CCU,MAA,2026-04-17 13:06:41.701,2026-04-17 15:42:41.701,02:36:00,156.0,False,2026-04-17,13,CCU → MAA,996
SJ177,SpiceJet,BOM,CCU,2026-04-17 13:04:41.703,2026-04-17 17:37:41.703,04:33:00,273.0,False,2026-04-17,13,BOM → CCU,997
6F215,IndiGo,DEL,BLR,2026-04-17 13:00:41.703,2026-04-17 17:30:41.703,04:30:00,270.0,False,2026-04-17,13,DEL → BLR,998
AI223,Air India,BOM,CCU,2026-04-17 12:53:41.703,2026-04-17 14:42:41.703,01:49:00,109.0,False,2026-04-17,12,BOM → CCU,999
SJ069,SpiceJet,HYD,BLR,2026-04-17 12:53:41.701,2026-04-17 14:17:41.701,01:24:00,84.0,False,2026-04-17,12,HYD → BLR,1000
6F198,IndiGo,HYD,BLR,2026-04-17 12:40:41.703,2026-04-17 17:39:41.703,04:59:00,299.0,False,2026-04-17,12,HYD → BLR,1001
AI093,Air India,BOM,BLR,2026-04-17 12:35:41.702,2026-04-17 17:28:41.702,04:53:00,293.0,False,2026-04-17,12,BOM → BLR,1002
UK062,Vistara,HYD,DEL,2026-04-17 12:33:41.701,2026-04-17 15:35:41.701,03:02:00,182.0,False,2026-04-17,12,HYD → DEL,1003
6F057,IndiGo,MAA,DEL,2026-04-17 12:32:41.701,2026-04-17 15:50:41.701,03:18:00,198.0,False,2026-04-17,12,MAA → DEL,1004
UK064,Vistara,BOM,DEL,2026-04-17 12:25:41.701,2026-04-17 14:55:41.701,02:30:00,150.0,False,2026-04-17,12,BOM → DEL,1005
